participant.id_in_session,participant.code,participant.label,participant._is_bot,participant._index_in_pages,participant._max_page_index,participant._current_app_name,participant._round_number,participant._current_page_name,participant.ip_address,participant.time_started,participant.visited,participant.mturk_worker_id,participant.mturk_assignment_id,participant.payoff,participant.payoff_plus_participation_fee,session.code,session.label,session.experimenter_name,session.mturk_HITId,session.mturk_HITGroupId,session.comment,session.is_demo,session.config.real_world_currency_per_point,session.config.participation_fee,Lines_Queueing.1.player.id_in_group,Lines_Queueing.1.player.time_Instructions,Lines_Queueing.1.player.time_Queue,Lines_Queueing.1.player.time_Service,Lines_Queueing.1.player.time_BP,Lines_Queueing.1.player.time_Results,Lines_Queueing.1.player.endowment,Lines_Queueing.1.player.start_pos,Lines_Queueing.1.player.service_time,Lines_Queueing.1.player.waiting_time,Lines_Queueing.1.player.pay_rate,Lines_Queueing.1.player.swap_method,Lines_Queueing.1.player.pay_method,Lines_Queueing.1.player.round_payoff,Lines_Queueing.1.player.metadata,Lines_Queueing.1.player.allMetadata,Lines_Queueing.1.player.discrete,Lines_Queueing.1.player.messaging,Lines_Queueing.1.player.cost,Lines_Queueing.1.player.payoff,Lines_Queueing.1.group.id_in_subsession,Lines_Queueing.1.group.ran_ready_function,Lines_Queueing.1.subsession.round_number
1,xvi3dtr3,,0,3,6,Lines_Queueing,1,QueueService,127.0.0.1,2019-03-25 02:14:44.327962+00:00,1,,,0,0.00,vf4064mn,,,,,,1,0.0,0.00,4,,,,,,,,,,,,,,,,0,1,0.01,0,1,2019-03-25 02:14:49.683391+00:00,1
2,51gqxqcu,,0,3,6,Lines_Queueing,1,QueueService,127.0.0.1,2019-03-25 02:14:44.733838+00:00,1,,,0,0.00,vf4064mn,,,,,,1,0.0,0.00,3,,,,,,,,,,,,,,,,0,1,0.02,0,1,2019-03-25 02:14:49.683391+00:00,1
3,q6dyldju,,0,3,6,Lines_Queueing,1,QueueService,127.0.0.1,2019-03-25 02:14:45.051829+00:00,1,,,0,0.00,vf4064mn,,,,,,1,0.0,0.00,1,,,,,,,,,,,,,,,,0,1,0.01,0,1,2019-03-25 02:14:49.683391+00:00,1
4,6w11ln4n,,0,3,6,Lines_Queueing,1,QueueService,127.0.0.1,2019-03-25 02:14:45.426168+00:00,1,,,0,0.00,vf4064mn,,,,,,1,0.0,0.00,2,,,,,,,,,,,,,,,,0,1,0.03,0,1,2019-03-25 02:14:49.683391+00:00,1
1,lk2f1nrg,,0,5,6,Lines_Queueing,1,BetweenPages,127.0.0.1,2019-03-25 02:15:48.982962+00:00,1,,,5,0.00,prcy1me7,,,,,,1,0.0,0.00,3,,2019-03-25T02:15:53.615Z,,,,8.0,4,12.0,57.0,0.02,bid,gain,4.86,"{""1553480155618"":{""status"":""accepted"",""requester"":3,""requestee"":4,""bid"":""3.00"",""queue"":[2,1,3,4]},""1553480160304"":{""status"":""accepted"",""requester"":4,""requestee"":3,""bid"":""2.00"",""queue"":[2,1,4,3]},""1553480169452"":{""status"":""accepted"",""requester"":3,""requestee"":4,""bid"":""2.00"",""queue"":[2,1,3,4]},""1553480190305"":{""status"":""accepted"",""requester"":4,""requestee"":3,""bid"":""1.00"",""queue"":[2,1,4,3]}}","{""1"": ""{\""1553480155618\"":{\""status\"":\""accepted\"",\""requester\"":3,\""requestee\"":4,\""bid\"":\""3.00\"",\""queue\"":[2,1,3,4]},\""1553480160304\"":{\""status\"":\""accepted\"",\""requester\"":4,\""requestee\"":3,\""bid\"":\""2.00\"",\""queue\"":[2,1,4,3]},\""1553480169452\"":{\""status\"":\""accepted\"",\""requester\"":3,\""requestee\"":4,\""bid\"":\""2.00\"",\""queue\"":[2,1,3,4]},\""1553480190305\"":{\""status\"":\""accepted\"",\""requester\"":4,\""requestee\"":3,\""bid\"":\""1.00\"",\""queue\"":[2,1,4,3]}}"", ""2"": ""{\""1553480155618\"":{\""status\"":\""accepted\"",\""requester\"":3,\""requestee\"":4,\""bid\"":\""3.00\"",\""queue\"":[2,1,3,4]},\""1553480160304\"":{\""status\"":\""accepted\"",\""requester\"":4,\""requestee\"":3,\""bid\"":\""2.00\"",\""queue\"":[2,1,4,3]},\""1553480169452\"":{\""status\"":\""accepted\"",\""requester\"":3,\""requestee\"":4,\""bid\"":\""2.00\"",\""queue\"":[2,1,3,4]},\""1553480190305\"":{\""status\"":\""accepted\"",\""requester\"":4,\""requestee\"":3,\""bid\"":\""1.00\"",\""queue\"":[2,1,4,3]}}"", ""3"": ""{\""1553480155618\"":{\""status\"":\""accepted\"",\""requester\"":3,\""requestee\"":4,\""bid\"":\""3.00\"",\""queue\"":[2,1,3,4]},\""1553480160304\"":{\""status\"":\""accepted\"",\""requester\"":4,\""requestee\"":3,\""bid\"":\""2.00\"",\""queue\"":[2,1,4,3]},\""1553480169452\"":{\""status\"":\""accepted\"",\""requester\"":3,\""requestee\"":4,\""bid\"":\""2.00\"",\""queue\"":[2,1,3,4]},\""1553480190305\"":{\""status\"":\""accepted\"",\""requester\"":4,\""requestee\"":3,\""bid\"":\""1.00\"",\""queue\"":[2,1,4,3]}}"", ""4"": ""{\""1553480155618\"":{\""status\"":\""accepted\"",\""requester\"":3,\""requestee\"":4,\""bid\"":\""3.00\"",\""queue\"":[2,1,3,4]},\""1553480160304\"":{\""status\"":\""accepted\"",\""requester\"":4,\""requestee\"":3,\""bid\"":\""2.00\"",\""queue\"":[2,1,4,3]},\""1553480169452\"":{\""status\"":\""accepted\"",\""requester\"":3,\""requestee\"":4,\""bid\"":\""2.00\"",\""queue\"":[2,1,3,4]},\""1553480190305\"":{\""status\"":\""accepted\"",\""requester\"":4,\""requestee\"":3,\""bid\"":\""1.00\"",\""queue\"":[2,1,4,3]}}""}",0,1,0.02,5,1,2019-03-25 02:15:53.977555+00:00,1
2,pnfdjbld,,0,5,6,Lines_Queueing,1,BetweenPages,127.0.0.1,2019-03-25 02:15:49.343990+00:00,1,,,7,0.00,prcy1me7,,,,,,1,0.0,0.00,4,,2019-03-25T02:15:53.345Z,2019-03-25T02:16:49.000Z,,,5.0,3,12.0,52.0,0.05,bid,gain,6.68,"{""1553480155618"":{""status"":""accepted"",""requester"":3,""requestee"":4,""bid"":""3.00"",""queue"":[2,1,3,4]},""1553480160304"":{""status"":""accepted"",""requester"":4,""requestee"":3,""bid"":""2.00"",""queue"":[2,1,4,3]},""1553480169452"":{""status"":""accepted"",""requester"":3,""requestee"":4,""bid"":""2.00"",""queue"":[2,1,3,4]},""1553480190305"":{""status"":""accepted"",""requester"":4,""requestee"":3,""bid"":""1.00"",""queue"":[2,1,4,3]}}","{""1"": ""{\""1553480155618\"":{\""status\"":\""accepted\"",\""requester\"":3,\""requestee\"":4,\""bid\"":\""3.00\"",\""queue\"":[2,1,3,4]},\""1553480160304\"":{\""status\"":\""accepted\"",\""requester\"":4,\""requestee\"":3,\""bid\"":\""2.00\"",\""queue\"":[2,1,4,3]},\""1553480169452\"":{\""status\"":\""accepted\"",\""requester\"":3,\""requestee\"":4,\""bid\"":\""2.00\"",\""queue\"":[2,1,3,4]},\""1553480190305\"":{\""status\"":\""accepted\"",\""requester\"":4,\""requestee\"":3,\""bid\"":\""1.00\"",\""queue\"":[2,1,4,3]}}"", ""2"": ""{\""1553480155618\"":{\""status\"":\""accepted\"",\""requester\"":3,\""requestee\"":4,\""bid\"":\""3.00\"",\""queue\"":[2,1,3,4]},\""1553480160304\"":{\""status\"":\""accepted\"",\""requester\"":4,\""requestee\"":3,\""bid\"":\""2.00\"",\""queue\"":[2,1,4,3]},\""1553480169452\"":{\""status\"":\""accepted\"",\""requester\"":3,\""requestee\"":4,\""bid\"":\""2.00\"",\""queue\"":[2,1,3,4]},\""1553480190305\"":{\""status\"":\""accepted\"",\""requester\"":4,\""requestee\"":3,\""bid\"":\""1.00\"",\""queue\"":[2,1,4,3]}}"", ""3"": ""{\""1553480155618\"":{\""status\"":\""accepted\"",\""requester\"":3,\""requestee\"":4,\""bid\"":\""3.00\"",\""queue\"":[2,1,3,4]},\""1553480160304\"":{\""status\"":\""accepted\"",\""requester\"":4,\""requestee\"":3,\""bid\"":\""2.00\"",\""queue\"":[2,1,4,3]},\""1553480169452\"":{\""status\"":\""accepted\"",\""requester\"":3,\""requestee\"":4,\""bid\"":\""2.00\"",\""queue\"":[2,1,3,4]},\""1553480190305\"":{\""status\"":\""accepted\"",\""requester\"":4,\""requestee\"":3,\""bid\"":\""1.00\"",\""queue\"":[2,1,4,3]}}"", ""4"": ""{\""1553480155618\"":{\""status\"":\""accepted\"",\""requester\"":3,\""requestee\"":4,\""bid\"":\""3.00\"",\""queue\"":[2,1,3,4]},\""1553480160304\"":{\""status\"":\""accepted\"",\""requester\"":4,\""requestee\"":3,\""bid\"":\""2.00\"",\""queue\"":[2,1,4,3]},\""1553480169452\"":{\""status\"":\""accepted\"",\""requester\"":3,\""requestee\"":4,\""bid\"":\""2.00\"",\""queue\"":[2,1,3,4]},\""1553480190305\"":{\""status\"":\""accepted\"",\""requester\"":4,\""requestee\"":3,\""bid\"":\""1.00\"",\""queue\"":[2,1,4,3]}}""}",0,1,0.01,7,1,2019-03-25 02:15:53.977555+00:00,1
3,r8j1l7xx,,0,5,6,Lines_Queueing,1,BetweenPages,127.0.0.1,2019-03-25 02:15:49.772858+00:00,1,,,7,0.00,prcy1me7,,,,,,1,0.0,0.00,1,,2019-03-25T02:15:54.046Z,2019-03-25T02:16:34.991Z,,,7.0,2,12.0,31.0,0.03,bid,gain,7.14,"{""1553480155618"":{""status"":""accepted"",""requester"":3,""requestee"":4,""bid"":""3.00"",""queue"":[2,1,3,4]},""1553480160304"":{""status"":""accepted"",""requester"":4,""requestee"":3,""bid"":""2.00"",""queue"":[2,1,4,3]},""1553480169452"":{""status"":""accepted"",""requester"":3,""requestee"":4,""bid"":""2.00"",""queue"":[2,1,3,4]},""1553480190305"":{""status"":""accepted"",""requester"":4,""requestee"":3,""bid"":""1.00"",""queue"":[2,1,4,3]}}","{""1"": ""{\""1553480155618\"":{\""status\"":\""accepted\"",\""requester\"":3,\""requestee\"":4,\""bid\"":\""3.00\"",\""queue\"":[2,1,3,4]},\""1553480160304\"":{\""status\"":\""accepted\"",\""requester\"":4,\""requestee\"":3,\""bid\"":\""2.00\"",\""queue\"":[2,1,4,3]},\""1553480169452\"":{\""status\"":\""accepted\"",\""requester\"":3,\""requestee\"":4,\""bid\"":\""2.00\"",\""queue\"":[2,1,3,4]},\""1553480190305\"":{\""status\"":\""accepted\"",\""requester\"":4,\""requestee\"":3,\""bid\"":\""1.00\"",\""queue\"":[2,1,4,3]}}"", ""2"": ""{\""1553480155618\"":{\""status\"":\""accepted\"",\""requester\"":3,\""requestee\"":4,\""bid\"":\""3.00\"",\""queue\"":[2,1,3,4]},\""1553480160304\"":{\""status\"":\""accepted\"",\""requester\"":4,\""requestee\"":3,\""bid\"":\""2.00\"",\""queue\"":[2,1,4,3]},\""1553480169452\"":{\""status\"":\""accepted\"",\""requester\"":3,\""requestee\"":4,\""bid\"":\""2.00\"",\""queue\"":[2,1,3,4]},\""1553480190305\"":{\""status\"":\""accepted\"",\""requester\"":4,\""requestee\"":3,\""bid\"":\""1.00\"",\""queue\"":[2,1,4,3]}}"", ""3"": ""{\""1553480155618\"":{\""status\"":\""accepted\"",\""requester\"":3,\""requestee\"":4,\""bid\"":\""3.00\"",\""queue\"":[2,1,3,4]},\""1553480160304\"":{\""status\"":\""accepted\"",\""requester\"":4,\""requestee\"":3,\""bid\"":\""2.00\"",\""queue\"":[2,1,4,3]},\""1553480169452\"":{\""status\"":\""accepted\"",\""requester\"":3,\""requestee\"":4,\""bid\"":\""2.00\"",\""queue\"":[2,1,3,4]},\""1553480190305\"":{\""status\"":\""accepted\"",\""requester\"":4,\""requestee\"":3,\""bid\"":\""1.00\"",\""queue\"":[2,1,4,3]}}"", ""4"": ""{\""1553480155618\"":{\""status\"":\""accepted\"",\""requester\"":3,\""requestee\"":4,\""bid\"":\""3.00\"",\""queue\"":[2,1,3,4]},\""1553480160304\"":{\""status\"":\""accepted\"",\""requester\"":4,\""requestee\"":3,\""bid\"":\""2.00\"",\""queue\"":[2,1,4,3]},\""1553480169452\"":{\""status\"":\""accepted\"",\""requester\"":3,\""requestee\"":4,\""bid\"":\""2.00\"",\""queue\"":[2,1,3,4]},\""1553480190305\"":{\""status\"":\""accepted\"",\""requester\"":4,\""requestee\"":3,\""bid\"":\""1.00\"",\""queue\"":[2,1,4,3]}}""}",0,1,0.01,7,1,2019-03-25 02:15:53.977555+00:00,1
4,eefng8jr,,0,5,6,Lines_Queueing,1,BetweenPages,127.0.0.1,2019-03-25 02:15:50.199166+00:00,1,,,6,0.00,prcy1me7,,,,,,1,0.0,0.00,2,,2019-03-25T02:15:52.350Z,2019-03-25T02:16:19.196Z,,,6.0,1,12.0,24.0,0.04,bid,gain,6.48,"{""1553480155618"":{""status"":""accepted"",""requester"":3,""requestee"":4,""bid"":""3.00"",""queue"":[2,1,3,4]},""1553480160304"":{""status"":""accepted"",""requester"":4,""requestee"":3,""bid"":""2.00"",""queue"":[2,1,4,3]},""1553480169452"":{""status"":""accepted"",""requester"":3,""requestee"":4,""bid"":""2.00"",""queue"":[2,1,3,4]},""1553480190305"":{""status"":""accepted"",""requester"":4,""requestee"":3,""bid"":""1.00"",""queue"":[2,1,4,3]}}","{""1"": ""{\""1553480155618\"":{\""status\"":\""accepted\"",\""requester\"":3,\""requestee\"":4,\""bid\"":\""3.00\"",\""queue\"":[2,1,3,4]},\""1553480160304\"":{\""status\"":\""accepted\"",\""requester\"":4,\""requestee\"":3,\""bid\"":\""2.00\"",\""queue\"":[2,1,4,3]},\""1553480169452\"":{\""status\"":\""accepted\"",\""requester\"":3,\""requestee\"":4,\""bid\"":\""2.00\"",\""queue\"":[2,1,3,4]},\""1553480190305\"":{\""status\"":\""accepted\"",\""requester\"":4,\""requestee\"":3,\""bid\"":\""1.00\"",\""queue\"":[2,1,4,3]}}"", ""2"": ""{\""1553480155618\"":{\""status\"":\""accepted\"",\""requester\"":3,\""requestee\"":4,\""bid\"":\""3.00\"",\""queue\"":[2,1,3,4]},\""1553480160304\"":{\""status\"":\""accepted\"",\""requester\"":4,\""requestee\"":3,\""bid\"":\""2.00\"",\""queue\"":[2,1,4,3]},\""1553480169452\"":{\""status\"":\""accepted\"",\""requester\"":3,\""requestee\"":4,\""bid\"":\""2.00\"",\""queue\"":[2,1,3,4]},\""1553480190305\"":{\""status\"":\""accepted\"",\""requester\"":4,\""requestee\"":3,\""bid\"":\""1.00\"",\""queue\"":[2,1,4,3]}}"", ""3"": ""{\""1553480155618\"":{\""status\"":\""accepted\"",\""requester\"":3,\""requestee\"":4,\""bid\"":\""3.00\"",\""queue\"":[2,1,3,4]},\""1553480160304\"":{\""status\"":\""accepted\"",\""requester\"":4,\""requestee\"":3,\""bid\"":\""2.00\"",\""queue\"":[2,1,4,3]},\""1553480169452\"":{\""status\"":\""accepted\"",\""requester\"":3,\""requestee\"":4,\""bid\"":\""2.00\"",\""queue\"":[2,1,3,4]},\""1553480190305\"":{\""status\"":\""accepted\"",\""requester\"":4,\""requestee\"":3,\""bid\"":\""1.00\"",\""queue\"":[2,1,4,3]}}"", ""4"": ""{\""1553480155618\"":{\""status\"":\""accepted\"",\""requester\"":3,\""requestee\"":4,\""bid\"":\""3.00\"",\""queue\"":[2,1,3,4]},\""1553480160304\"":{\""status\"":\""accepted\"",\""requester\"":4,\""requestee\"":3,\""bid\"":\""2.00\"",\""queue\"":[2,1,4,3]},\""1553480169452\"":{\""status\"":\""accepted\"",\""requester\"":3,\""requestee\"":4,\""bid\"":\""2.00\"",\""queue\"":[2,1,3,4]},\""1553480190305\"":{\""status\"":\""accepted\"",\""requester\"":4,\""requestee\"":3,\""bid\"":\""1.00\"",\""queue\"":[2,1,4,3]}}""}",0,1,0.03,6,1,2019-03-25 02:15:53.977555+00:00,1
1,69iihr8o,,0,3,6,Lines_Queueing,1,QueueService,127.0.0.1,2019-03-25 03:51:58.274735+00:00,1,,,0,0.00,n0hb492l,,,,,,1,0.0,0.00,4,,,,,,,,,,,,,,,,0,1,0.01,0,1,2019-03-25 03:52:03.512478+00:00,1
2,77m36z4k,,0,3,6,Lines_Queueing,1,QueueService,127.0.0.1,2019-03-25 03:51:58.587346+00:00,1,,,0,0.00,n0hb492l,,,,,,1,0.0,0.00,2,,,,,,,,,,,,,,,,0,1,0.03,0,1,2019-03-25 03:52:03.512478+00:00,1
3,pekcwp71,,0,3,6,Lines_Queueing,1,QueueService,127.0.0.1,2019-03-25 03:51:59.078945+00:00,1,,,0,0.00,n0hb492l,,,,,,1,0.0,0.00,1,,,,,,,,,,,,,,,,0,1,0.01,0,1,2019-03-25 03:52:03.512478+00:00,1
4,7mwvyxhx,,0,3,6,Lines_Queueing,1,QueueService,127.0.0.1,2019-03-25 03:51:59.872479+00:00,1,,,0,0.00,n0hb492l,,,,,,1,0.0,0.00,3,,,,,,,,,,,,,,,,0,1,0.02,0,1,2019-03-25 03:52:03.512478+00:00,1
1,cqapvul3,,0,0,6,,,,,,0,,,0,0.00,45r777nv,,,,,,1,0.0,0.00,3,,,,,,,,,,,,,,,,,,,0,1,,1
2,njj7qvic,,0,0,6,,,,,,0,,,0,0.00,45r777nv,,,,,,1,0.0,0.00,1,,,,,,,,,,,,,,,,,,,0,1,,1
3,m45o6qv4,,0,0,6,,,,,,0,,,0,0.00,45r777nv,,,,,,1,0.0,0.00,2,,,,,,,,,,,,,,,,,,,0,1,,1
4,zxiwoyey,,0,0,6,,,,,,0,,,0,0.00,45r777nv,,,,,,1,0.0,0.00,4,,,,,,,,,,,,,,,,,,,0,1,,1
1,77mgykbg,,0,3,6,Lines_Queueing,1,QueueService,127.0.0.1,2019-03-25 03:53:09.274065+00:00,1,,,0,0.00,jljribhd,,,,,,1,0.0,0.00,2,,,,,,,,,,,,,,,,0,1,0.01,0,1,2019-03-25 03:53:13.995247+00:00,1
2,28hd8bs4,,0,3,6,Lines_Queueing,1,QueueService,127.0.0.1,2019-03-25 03:53:09.593442+00:00,1,,,0,0.00,jljribhd,,,,,,1,0.0,0.00,4,,,,,,,,,,,,,,,,0,1,0.02,0,1,2019-03-25 03:53:13.995247+00:00,1
3,tx3u9plk,,0,3,6,Lines_Queueing,1,QueueService,127.0.0.1,2019-03-25 03:53:10.062641+00:00,1,,,0,0.00,jljribhd,,,,,,1,0.0,0.00,3,,,,,,,,,,,,,,,,0,1,0.01,0,1,2019-03-25 03:53:13.995247+00:00,1
4,gb2pq6td,,0,3,6,Lines_Queueing,1,QueueService,127.0.0.1,2019-03-25 03:53:10.648021+00:00,1,,,0,0.00,jljribhd,,,,,,1,0.0,0.00,1,,,,,,,,,,,,,,,,0,1,0.03,0,1,2019-03-25 03:53:13.995247+00:00,1
1,6ksdo9wc,,0,3,6,Lines_Queueing,1,QueueService,127.0.0.1,2019-03-25 03:54:14.380305+00:00,1,,,0,0.00,om1tk0tf,,,,,,1,0.0,0.00,2,,,,,,,,,,,,,,,,0,1,0.02,0,1,2019-03-25 03:54:19.878400+00:00,1
2,xiwnpbyk,,0,3,6,Lines_Queueing,1,QueueService,127.0.0.1,2019-03-25 03:54:14.806249+00:00,1,,,0,0.00,om1tk0tf,,,,,,1,0.0,0.00,3,,,,,,,,,,,,,,,,0,1,0.01,0,1,2019-03-25 03:54:19.878400+00:00,1
3,e9i9avzu,,0,3,6,Lines_Queueing,1,QueueService,127.0.0.1,2019-03-25 03:54:15.235003+00:00,1,,,0,0.00,om1tk0tf,,,,,,1,0.0,0.00,1,,,,,,,,,,,,,,,,0,1,0.01,0,1,2019-03-25 03:54:19.878400+00:00,1
4,lzpa4rv5,,0,3,6,Lines_Queueing,1,QueueService,127.0.0.1,2019-03-25 03:54:15.636020+00:00,1,,,0,0.00,om1tk0tf,,,,,,1,0.0,0.00,4,,,,,,,,,,,,,,,,0,1,0.03,0,1,2019-03-25 03:54:19.878400+00:00,1
1,ug70hvwf,,0,3,6,Lines_Queueing,1,QueueService,127.0.0.1,2019-03-25 18:38:13.139894+00:00,1,,,0,0.00,y7zyafbe,,,,,,1,0.0,0.00,1,,,,,,,,,,,,,,,,0,1,0.03,0,1,2019-03-25 18:38:17.997286+00:00,1
2,h2oacvml,,0,4,6,Lines_Queueing,1,AfterService,127.0.0.1,2019-03-25 18:38:13.561571+00:00,1,,,8,0.00,y7zyafbe,,,,,,1,0.0,0.00,3,,2019-03-25T18:38:18.177Z,2019-03-25T18:38:42.036Z,,,7.0,1,12.0,22.0,0.03,swap,gain,7.8,"{""1553539126258"":{""status"":""accepted"",""requester"":4,""requestee"":2,""bid"":null,""queue"":[3,1,4,2]}}",,0,1,0.01,8,1,2019-03-25 18:38:17.997286+00:00,1
3,oypfu02v,,0,4,6,Lines_Queueing,1,AfterService,127.0.0.1,2019-03-25 18:38:13.994288+00:00,1,,,7,0.00,y7zyafbe,,,,,,1,0.0,0.00,4,,2019-03-25T18:38:18.082Z,2019-03-25T18:39:06.035Z,,,8.0,4,12.0,42.0,0.02,swap,gain,7.4,"{""1553539126258"":{""status"":""accepted"",""requester"":4,""requestee"":2,""bid"":null,""queue"":[3,1,4,2]}}",,0,1,0.02,7,1,2019-03-25 18:38:17.997286+00:00,1
4,h3rsp068,,0,4,6,Lines_Queueing,1,AfterService,127.0.0.1,2019-03-25 18:38:14.481501+00:00,1,,,4,0.00,y7zyafbe,,,,,,1,0.0,0.00,2,,2019-03-25T18:38:18.087Z,,,,5.0,3,12.0,59.0,0.05,swap,gain,4.41,"{""1553539126258"":{""status"":""accepted"",""requester"":4,""requestee"":2,""bid"":null,""queue"":[3,1,4,2]}}",,0,1,0.01,4,1,2019-03-25 18:38:17.997286+00:00,1
1,2iwo0v5j,,0,5,6,Lines_Queueing,1,BetweenPages,127.0.0.1,2019-03-25 18:39:52.583291+00:00,1,,,7,0.00,2bfxw3oi,,,,,,1,0.0,0.00,4,,2019-03-25T18:39:56.891Z,2019-03-25T18:40:55.991Z,,,8.0,4,12.0,59.0,0.02,swap,gain,6.82,{},"{""1"": ""{}"", ""2"": ""{}"", ""3"": ""{}"", ""4"": ""{}""}",0,1,0.02,7,1,2019-03-25 18:39:57.147416+00:00,1
2,mfh07xx4,,0,5,6,Lines_Queueing,1,BetweenPages,127.0.0.1,2019-03-25 18:39:52.853719+00:00,1,,,5,0.00,2bfxw3oi,,,,,,1,0.0,0.00,2,,2019-03-25T18:39:57.124Z,2019-03-25T18:40:43.071Z,,,5.0,3,12.0,47.0,0.05,swap,gain,5.13,{},"{""1"": ""{}"", ""2"": ""{}"", ""3"": ""{}"", ""4"": ""{}""}",0,1,0.01,5,1,2019-03-25 18:39:57.147416+00:00,1
3,nnexoxel,,0,5,6,Lines_Queueing,1,BetweenPages,127.0.0.1,2019-03-25 18:39:53.175865+00:00,1,,,6,0.00,2bfxw3oi,,,,,,1,0.0,0.00,1,,2019-03-25T18:39:57.235Z,2019-03-25T18:40:31.219Z,,,6.0,2,12.0,34.0,0.04,swap,gain,5.98,{},"{""1"": ""{}"", ""2"": ""{}"", ""3"": ""{}"", ""4"": ""{}""}",0,1,0.03,6,1,2019-03-25 18:39:57.147416+00:00,1
4,76r59ogg,,0,5,6,Lines_Queueing,1,BetweenPages,127.0.0.1,2019-03-25 18:39:53.659928+00:00,1,,,8,0.00,2bfxw3oi,,,,,,1,0.0,0.00,3,,2019-03-25T18:39:57.001Z,2019-03-25T18:40:20.100Z,,,7.0,1,12.0,25.0,0.03,swap,gain,7.77,{},"{""1"": ""{}"", ""2"": ""{}"", ""3"": ""{}"", ""4"": ""{}""}",0,1,0.01,8,1,2019-03-25 18:39:57.147416+00:00,1
1,8k7g3pcw,,0,4,6,Lines_Queueing,1,AfterService,127.0.0.1,2019-03-25 19:17:43.962552+00:00,1,,,7,0.00,49rxkxff,,,,,,1,0.0,0.00,4,,2019-03-25T19:17:48.151Z,,,,8.0,4,12.0,60.0,0.02,swap,gain,6.8,{},"{""1"": ""{}"", ""2"": ""{}"", ""3"": ""{}"", ""4"": ""{}""}",0,1,0.02,7,1,2019-03-25 19:17:48.616855+00:00,1
2,wnj1j45u,,0,4,6,Lines_Queueing,1,AfterService,127.0.0.1,2019-03-25 19:17:44.342840+00:00,1,,,5,0.00,49rxkxff,,,,,,1,0.0,0.00,2,,2019-03-25T19:17:49.265Z,2019-03-25T19:18:36.202Z,,,5.0,3,12.0,48.0,0.05,swap,gain,5.12,{},"{""1"": ""{}"", ""2"": ""{}"", ""3"": ""{}"", ""4"": ""{}""}",0,1,0.01,5,1,2019-03-25 19:17:48.616855+00:00,1
3,p2gy247p,,0,5,6,Lines_Queueing,1,BetweenPages,127.0.0.1,2019-03-25 19:17:44.703601+00:00,1,,,8,0.00,49rxkxff,,,,,,1,0.0,0.00,3,,2019-03-25T19:17:49.246Z,2019-03-25T19:18:13.123Z,,,7.0,1,12.0,25.0,0.03,swap,gain,7.8,{},"{""1"": ""{}"", ""2"": ""{}"", ""3"": ""{}"", ""4"": ""{}""}",0,1,0.01,8,1,2019-03-25 19:17:48.616855+00:00,1
4,k4rt0fxt,,0,5,6,Lines_Queueing,1,BetweenPages,127.0.0.1,2019-03-25 19:17:45.081216+00:00,1,,,6,0.00,49rxkxff,,,,,,1,0.0,0.00,1,,2019-03-25T19:17:47.365Z,2019-03-25T19:18:24.158Z,,,6.0,2,12.0,35.0,0.04,swap,gain,5.79,{},"{""1"": ""{}"", ""2"": ""{}"", ""3"": ""{}"", ""4"": ""{}""}",0,1,0.03,6,1,2019-03-25 19:17:48.616855+00:00,1
1,2dc1iy7e,,0,3,6,Lines_Queueing,1,QueueService,127.0.0.1,2019-03-25 19:18:53.531027+00:00,1,,,0,0.00,aw62mmcg,,,,,,1,0.0,0.00,1,,,,,,,,,,,,,,,,0,1,0.03,0,1,2019-03-25 19:18:58.355474+00:00,1
2,d070l1sr,,0,3,6,Lines_Queueing,1,QueueService,127.0.0.1,2019-03-25 19:18:53.955420+00:00,1,,,0,0.00,aw62mmcg,,,,,,1,0.0,0.00,2,,,,,,,,,,,,,,,,0,1,0.01,0,1,2019-03-25 19:18:58.355474+00:00,1
3,bqfz4j66,,0,3,6,Lines_Queueing,1,QueueService,127.0.0.1,2019-03-25 19:18:54.327445+00:00,1,,,0,0.00,aw62mmcg,,,,,,1,0.0,0.00,3,,,,,,,,,,,,,,,,0,1,0.01,0,1,2019-03-25 19:18:58.355474+00:00,1
4,p2ae5ldy,,0,3,6,Lines_Queueing,1,QueueService,127.0.0.1,2019-03-25 19:18:54.737276+00:00,1,,,0,0.00,aw62mmcg,,,,,,1,0.0,0.00,4,,,,,,,,,,,,,,,,0,1,0.02,0,1,2019-03-25 19:18:58.355474+00:00,1
1,3bz05ssy,,0,5,6,Lines_Queueing,1,BetweenPages,127.0.0.1,2019-03-25 19:19:23.215323+00:00,1,,,7,0.00,0hqnokyz,,,,,,1,0.0,0.00,4,,2019-03-25T19:19:27.350Z,2019-03-25T19:20:26.109Z,,,8.0,4,12.0,59.0,0.02,swap,gain,6.82,"{""1553541568437"":{""status"":""cancelled"",""requester"":4,""requestee"":2,""queue"":[3,1,2,4]}}","{""1"": ""{\""1553541568437\"":{\""status\"":\""cancelled\"",\""requester\"":4,\""requestee\"":2,\""queue\"":[3,1,2,4]}}"", ""2"": ""{\""1553541568437\"":{\""status\"":\""cancelled\"",\""requester\"":4,\""requestee\"":2,\""queue\"":[3,1,2,4]}}"", ""3"": ""{\""1553541568437\"":{\""status\"":\""cancelled\"",\""requester\"":4,\""requestee\"":2,\""queue\"":[3,1,2,4]}}"", ""4"": ""{\""1553541568437\"":{\""status\"":\""cancelled\"",\""requester\"":4,\""requestee\"":2,\""queue\"":[3,1,2,4]}}""}",0,1,0.02,7,1,2019-03-25 19:19:27.775347+00:00,1
2,74tmk5ft,,0,5,6,Lines_Queueing,1,BetweenPages,127.0.0.1,2019-03-25 19:19:23.631486+00:00,1,,,5,0.00,0hqnokyz,,,,,,1,0.0,0.00,2,,2019-03-25T19:19:28.255Z,2019-03-25T19:20:14.829Z,,,5.0,3,12.0,47.0,0.05,swap,gain,5.13,"{""1553541568437"":{""status"":""cancelled"",""requester"":4,""requestee"":2,""queue"":[3,1,2,4]}}","{""1"": ""{\""1553541568437\"":{\""status\"":\""cancelled\"",\""requester\"":4,\""requestee\"":2,\""queue\"":[3,1,2,4]}}"", ""2"": ""{\""1553541568437\"":{\""status\"":\""cancelled\"",\""requester\"":4,\""requestee\"":2,\""queue\"":[3,1,2,4]}}"", ""3"": ""{\""1553541568437\"":{\""status\"":\""cancelled\"",\""requester\"":4,\""requestee\"":2,\""queue\"":[3,1,2,4]}}"", ""4"": ""{\""1553541568437\"":{\""status\"":\""cancelled\"",\""requester\"":4,\""requestee\"":2,\""queue\"":[3,1,2,4]}}""}",0,1,0.01,5,1,2019-03-25 19:19:27.775347+00:00,1
3,l4ffdohd,,0,5,6,Lines_Queueing,1,BetweenPages,127.0.0.1,2019-03-25 19:19:24.005683+00:00,1,,,6,0.00,0hqnokyz,,,,,,1,0.0,0.00,1,,2019-03-25T19:19:28.150Z,2019-03-25T19:20:03.314Z,,,6.0,2,12.0,35.0,0.04,swap,gain,5.87,"{""1553541568437"":{""status"":""cancelled"",""requester"":4,""requestee"":2,""queue"":[3,1,2,4]}}","{""1"": ""{\""1553541568437\"":{\""status\"":\""cancelled\"",\""requester\"":4,\""requestee\"":2,\""queue\"":[3,1,2,4]}}"", ""2"": ""{\""1553541568437\"":{\""status\"":\""cancelled\"",\""requester\"":4,\""requestee\"":2,\""queue\"":[3,1,2,4]}}"", ""3"": ""{\""1553541568437\"":{\""status\"":\""cancelled\"",\""requester\"":4,\""requestee\"":2,\""queue\"":[3,1,2,4]}}"", ""4"": ""{\""1553541568437\"":{\""status\"":\""cancelled\"",\""requester\"":4,\""requestee\"":2,\""queue\"":[3,1,2,4]}}""}",0,1,0.03,6,1,2019-03-25 19:19:27.775347+00:00,1
4,ndbm25lo,,0,5,6,Lines_Queueing,1,BetweenPages,127.0.0.1,2019-03-25 19:19:24.508073+00:00,1,,,8,0.00,0hqnokyz,,,,,,1,0.0,0.00,3,,2019-03-25T19:19:26.377Z,2019-03-25T19:19:51.363Z,,,7.0,1,12.0,25.0,0.03,swap,gain,7.77,"{""1553541568437"":{""status"":""cancelled"",""requester"":4,""requestee"":2,""queue"":[3,1,2,4]}}","{""1"": ""{\""1553541568437\"":{\""status\"":\""cancelled\"",\""requester\"":4,\""requestee\"":2,\""queue\"":[3,1,2,4]}}"", ""2"": ""{\""1553541568437\"":{\""status\"":\""cancelled\"",\""requester\"":4,\""requestee\"":2,\""queue\"":[3,1,2,4]}}"", ""3"": ""{\""1553541568437\"":{\""status\"":\""cancelled\"",\""requester\"":4,\""requestee\"":2,\""queue\"":[3,1,2,4]}}"", ""4"": ""{\""1553541568437\"":{\""status\"":\""cancelled\"",\""requester\"":4,\""requestee\"":2,\""queue\"":[3,1,2,4]}}""}",0,1,0.01,8,1,2019-03-25 19:19:27.775347+00:00,1
1,k3glzswo,,0,5,6,Lines_Queueing,1,BetweenPages,127.0.0.1,2019-03-25 19:20:39.115727+00:00,1,,,8,0.00,5wqogh4c,,,,,,1,0.0,0.00,3,,2019-03-25T19:20:42.649Z,2019-03-25T19:21:07.779Z,,,7.0,1,12.0,25.0,0.03,swap,gain,7.77,"{""1553541646651"":{""status"":""accepted"",""requester"":4,""requestee"":2,""bid"":null,""queue"":[3,1,4,2]},""1553541657265"":{""status"":""accepted"",""requester"":2,""requestee"":4,""bid"":null,""queue"":[3,1,2,4]},""1553541662823"":{""status"":""cancelled"",""requester"":4,""requestee"":2,""queue"":[3,1,2,4]}}","{""1"": ""{\""1553541646651\"":{\""status\"":\""accepted\"",\""requester\"":4,\""requestee\"":2,\""bid\"":null,\""queue\"":[3,1,4,2]},\""1553541657265\"":{\""status\"":\""accepted\"",\""requester\"":2,\""requestee\"":4,\""bid\"":null,\""queue\"":[3,1,2,4]},\""1553541662823\"":{\""status\"":\""cancelled\"",\""requester\"":4,\""requestee\"":2,\""queue\"":[3,1,2,4]}}"", ""2"": ""{\""1553541646651\"":{\""status\"":\""accepted\"",\""requester\"":4,\""requestee\"":2,\""bid\"":null,\""queue\"":[3,1,4,2]},\""1553541657265\"":{\""status\"":\""accepted\"",\""requester\"":2,\""requestee\"":4,\""bid\"":null,\""queue\"":[3,1,2,4]},\""1553541662823\"":{\""status\"":\""cancelled\"",\""requester\"":4,\""requestee\"":2,\""queue\"":[3,1,2,4]}}"", ""3"": ""{\""1553541646651\"":{\""status\"":\""accepted\"",\""requester\"":4,\""requestee\"":2,\""bid\"":null,\""queue\"":[3,1,4,2]},\""1553541657265\"":{\""status\"":\""accepted\"",\""requester\"":2,\""requestee\"":4,\""bid\"":null,\""queue\"":[3,1,2,4]},\""1553541662823\"":{\""status\"":\""cancelled\"",\""requester\"":4,\""requestee\"":2,\""queue\"":[3,1,2,4]}}"", ""4"": ""{\""1553541646651\"":{\""status\"":\""accepted\"",\""requester\"":4,\""requestee\"":2,\""bid\"":null,\""queue\"":[3,1,4,2]},\""1553541657265\"":{\""status\"":\""accepted\"",\""requester\"":2,\""requestee\"":4,\""bid\"":null,\""queue\"":[3,1,2,4]},\""1553541662823\"":{\""status\"":\""cancelled\"",\""requester\"":4,\""requestee\"":2,\""queue\"":[3,1,2,4]}}""}",0,1,0.01,8,1,2019-03-25 19:20:43.159017+00:00,1
2,ge97hw7w,,0,5,6,Lines_Queueing,1,BetweenPages,127.0.0.1,2019-03-25 19:20:39.432052+00:00,1,,,7,0.00,5wqogh4c,,,,,,1,0.0,0.00,4,,2019-03-25T19:20:43.228Z,2019-03-25T19:21:43.111Z,,,8.0,4,12.0,58.0,0.02,swap,gain,6.84,"{""1553541646651"":{""status"":""accepted"",""requester"":4,""requestee"":2,""bid"":null,""queue"":[3,1,4,2]},""1553541657265"":{""status"":""accepted"",""requester"":2,""requestee"":4,""bid"":null,""queue"":[3,1,2,4]},""1553541662823"":{""status"":""cancelled"",""requester"":4,""requestee"":2,""queue"":[3,1,2,4]}}","{""1"": ""{\""1553541646651\"":{\""status\"":\""accepted\"",\""requester\"":4,\""requestee\"":2,\""bid\"":null,\""queue\"":[3,1,4,2]},\""1553541657265\"":{\""status\"":\""accepted\"",\""requester\"":2,\""requestee\"":4,\""bid\"":null,\""queue\"":[3,1,2,4]},\""1553541662823\"":{\""status\"":\""cancelled\"",\""requester\"":4,\""requestee\"":2,\""queue\"":[3,1,2,4]}}"", ""2"": ""{\""1553541646651\"":{\""status\"":\""accepted\"",\""requester\"":4,\""requestee\"":2,\""bid\"":null,\""queue\"":[3,1,4,2]},\""1553541657265\"":{\""status\"":\""accepted\"",\""requester\"":2,\""requestee\"":4,\""bid\"":null,\""queue\"":[3,1,2,4]},\""1553541662823\"":{\""status\"":\""cancelled\"",\""requester\"":4,\""requestee\"":2,\""queue\"":[3,1,2,4]}}"", ""3"": ""{\""1553541646651\"":{\""status\"":\""accepted\"",\""requester\"":4,\""requestee\"":2,\""bid\"":null,\""queue\"":[3,1,4,2]},\""1553541657265\"":{\""status\"":\""accepted\"",\""requester\"":2,\""requestee\"":4,\""bid\"":null,\""queue\"":[3,1,2,4]},\""1553541662823\"":{\""status\"":\""cancelled\"",\""requester\"":4,\""requestee\"":2,\""queue\"":[3,1,2,4]}}"", ""4"": ""{\""1553541646651\"":{\""status\"":\""accepted\"",\""requester\"":4,\""requestee\"":2,\""bid\"":null,\""queue\"":[3,1,4,2]},\""1553541657265\"":{\""status\"":\""accepted\"",\""requester\"":2,\""requestee\"":4,\""bid\"":null,\""queue\"":[3,1,2,4]},\""1553541662823\"":{\""status\"":\""cancelled\"",\""requester\"":4,\""requestee\"":2,\""queue\"":[3,1,2,4]}}""}",0,1,0.02,7,1,2019-03-25 19:20:43.159017+00:00,1
3,1rn65nus,,0,5,6,Lines_Queueing,1,BetweenPages,127.0.0.1,2019-03-25 19:20:39.877307+00:00,1,,,6,0.00,5wqogh4c,,,,,,1,0.0,0.00,1,,2019-03-25T19:20:43.282Z,2019-03-25T19:21:19.105Z,,,6.0,2,12.0,34.0,0.04,swap,gain,5.94,"{""1553541646651"":{""status"":""accepted"",""requester"":4,""requestee"":2,""bid"":null,""queue"":[3,1,4,2]},""1553541657265"":{""status"":""accepted"",""requester"":2,""requestee"":4,""bid"":null,""queue"":[3,1,2,4]},""1553541662823"":{""status"":""cancelled"",""requester"":4,""requestee"":2,""queue"":[3,1,2,4]}}","{""1"": ""{\""1553541646651\"":{\""status\"":\""accepted\"",\""requester\"":4,\""requestee\"":2,\""bid\"":null,\""queue\"":[3,1,4,2]},\""1553541657265\"":{\""status\"":\""accepted\"",\""requester\"":2,\""requestee\"":4,\""bid\"":null,\""queue\"":[3,1,2,4]},\""1553541662823\"":{\""status\"":\""cancelled\"",\""requester\"":4,\""requestee\"":2,\""queue\"":[3,1,2,4]}}"", ""2"": ""{\""1553541646651\"":{\""status\"":\""accepted\"",\""requester\"":4,\""requestee\"":2,\""bid\"":null,\""queue\"":[3,1,4,2]},\""1553541657265\"":{\""status\"":\""accepted\"",\""requester\"":2,\""requestee\"":4,\""bid\"":null,\""queue\"":[3,1,2,4]},\""1553541662823\"":{\""status\"":\""cancelled\"",\""requester\"":4,\""requestee\"":2,\""queue\"":[3,1,2,4]}}"", ""3"": ""{\""1553541646651\"":{\""status\"":\""accepted\"",\""requester\"":4,\""requestee\"":2,\""bid\"":null,\""queue\"":[3,1,4,2]},\""1553541657265\"":{\""status\"":\""accepted\"",\""requester\"":2,\""requestee\"":4,\""bid\"":null,\""queue\"":[3,1,2,4]},\""1553541662823\"":{\""status\"":\""cancelled\"",\""requester\"":4,\""requestee\"":2,\""queue\"":[3,1,2,4]}}"", ""4"": ""{\""1553541646651\"":{\""status\"":\""accepted\"",\""requester\"":4,\""requestee\"":2,\""bid\"":null,\""queue\"":[3,1,4,2]},\""1553541657265\"":{\""status\"":\""accepted\"",\""requester\"":2,\""requestee\"":4,\""bid\"":null,\""queue\"":[3,1,2,4]},\""1553541662823\"":{\""status\"":\""cancelled\"",\""requester\"":4,\""requestee\"":2,\""queue\"":[3,1,2,4]}}""}",0,1,0.03,6,1,2019-03-25 19:20:43.159017+00:00,1
4,q05vhx66,,0,5,6,Lines_Queueing,1,BetweenPages,127.0.0.1,2019-03-25 19:20:40.182391+00:00,1,,,5,0.00,5wqogh4c,,,,,,1,0.0,0.00,2,,2019-03-25T19:20:42.213Z,2019-03-25T19:21:31.106Z,,,5.0,3,12.0,47.0,0.05,swap,gain,5.08,"{""1553541646651"":{""status"":""accepted"",""requester"":4,""requestee"":2,""bid"":null,""queue"":[3,1,4,2]},""1553541657265"":{""status"":""accepted"",""requester"":2,""requestee"":4,""bid"":null,""queue"":[3,1,2,4]},""1553541662823"":{""status"":""cancelled"",""requester"":4,""requestee"":2,""queue"":[3,1,2,4]}}","{""1"": ""{\""1553541646651\"":{\""status\"":\""accepted\"",\""requester\"":4,\""requestee\"":2,\""bid\"":null,\""queue\"":[3,1,4,2]},\""1553541657265\"":{\""status\"":\""accepted\"",\""requester\"":2,\""requestee\"":4,\""bid\"":null,\""queue\"":[3,1,2,4]},\""1553541662823\"":{\""status\"":\""cancelled\"",\""requester\"":4,\""requestee\"":2,\""queue\"":[3,1,2,4]}}"", ""2"": ""{\""1553541646651\"":{\""status\"":\""accepted\"",\""requester\"":4,\""requestee\"":2,\""bid\"":null,\""queue\"":[3,1,4,2]},\""1553541657265\"":{\""status\"":\""accepted\"",\""requester\"":2,\""requestee\"":4,\""bid\"":null,\""queue\"":[3,1,2,4]},\""1553541662823\"":{\""status\"":\""cancelled\"",\""requester\"":4,\""requestee\"":2,\""queue\"":[3,1,2,4]}}"", ""3"": ""{\""1553541646651\"":{\""status\"":\""accepted\"",\""requester\"":4,\""requestee\"":2,\""bid\"":null,\""queue\"":[3,1,4,2]},\""1553541657265\"":{\""status\"":\""accepted\"",\""requester\"":2,\""requestee\"":4,\""bid\"":null,\""queue\"":[3,1,2,4]},\""1553541662823\"":{\""status\"":\""cancelled\"",\""requester\"":4,\""requestee\"":2,\""queue\"":[3,1,2,4]}}"", ""4"": ""{\""1553541646651\"":{\""status\"":\""accepted\"",\""requester\"":4,\""requestee\"":2,\""bid\"":null,\""queue\"":[3,1,4,2]},\""1553541657265\"":{\""status\"":\""accepted\"",\""requester\"":2,\""requestee\"":4,\""bid\"":null,\""queue\"":[3,1,2,4]},\""1553541662823\"":{\""status\"":\""cancelled\"",\""requester\"":4,\""requestee\"":2,\""queue\"":[3,1,2,4]}}""}",0,1,0.01,5,1,2019-03-25 19:20:43.159017+00:00,1
1,3y63r6om,,0,3,6,Lines_Queueing,1,QueueService,127.0.0.1,2019-03-25 19:36:24.052641+00:00,1,,,0,0.00,wqqupy6l,,,,,,1,0.0,0.00,2,,,,,,,,,,,,,,,,0,1,0.01,0,1,2019-03-25 19:36:28.870377+00:00,1
2,8h3wk0rb,,0,3,6,Lines_Queueing,1,QueueService,127.0.0.1,2019-03-25 19:36:24.342906+00:00,1,,,0,0.00,wqqupy6l,,,,,,1,0.0,0.00,3,,,,,,,,,,,,,,,,0,1,0.01,0,1,2019-03-25 19:36:28.870377+00:00,1
3,c3oxgvxw,,0,3,6,Lines_Queueing,1,QueueService,127.0.0.1,2019-03-25 19:36:24.722669+00:00,1,,,0,0.00,wqqupy6l,,,,,,1,0.0,0.00,1,,,,,,,,,,,,,,,,0,1,0.02,0,1,2019-03-25 19:36:28.870377+00:00,1
4,69wl2jr3,,0,3,6,Lines_Queueing,1,QueueService,127.0.0.1,2019-03-25 19:36:25.175868+00:00,1,,,0,0.00,wqqupy6l,,,,,,1,0.0,0.00,4,,,,,,,,,,,,,,,,0,1,0.03,0,1,2019-03-25 19:36:28.870377+00:00,1
1,8dl2yvmo,,0,5,6,Lines_Queueing,1,BetweenPages,127.0.0.1,2019-03-25 19:36:51.860935+00:00,1,,,7,0.00,zuiha9k0,,,,,,1,0.0,0.00,1,,2019-03-25T19:36:55.927Z,2019-03-25T19:37:49.136Z,,,8.0,4,12.0,52.0,0.02,swap,gain,7.06,"{""1553542622872"":{""status"":""accepted"",""requester"":2,""requestee"":4,""bid"":null,""queue"":[2,4,3,1]},""1553542618425"":{""status"":""accepted"",""requester"":1,""requestee"":3,""bid"":null,""queue"":[2,4,1,3]},""1553542627650"":{""status"":""accepted"",""requester"":3,""requestee"":1,""bid"":null,""queue"":[2,4,3,1]},""1553542634318"":{""status"":""accepted"",""requester"":1,""requestee"":3,""bid"":null,""queue"":[2,4,1,3]},""1553542641254"":{""status"":""accepted"",""requester"":3,""requestee"":1,""bid"":null,""queue"":[2,4,3,1]},""1553542652741"":{""status"":""accepted"",""requester"":1,""requestee"":3,""bid"":null,""queue"":[2,4,1,3]}}","{""1"": ""{\""1553542622872\"":{\""status\"":\""accepted\"",\""requester\"":2,\""requestee\"":4,\""bid\"":null,\""queue\"":[2,4,3,1]},\""1553542618425\"":{\""status\"":\""accepted\"",\""requester\"":1,\""requestee\"":3,\""bid\"":null,\""queue\"":[2,4,1,3]},\""1553542627650\"":{\""status\"":\""accepted\"",\""requester\"":3,\""requestee\"":1,\""bid\"":null,\""queue\"":[2,4,3,1]},\""1553542634318\"":{\""status\"":\""accepted\"",\""requester\"":1,\""requestee\"":3,\""bid\"":null,\""queue\"":[2,4,1,3]},\""1553542641254\"":{\""status\"":\""accepted\"",\""requester\"":3,\""requestee\"":1,\""bid\"":null,\""queue\"":[2,4,3,1]},\""1553542652741\"":{\""status\"":\""accepted\"",\""requester\"":1,\""requestee\"":3,\""bid\"":null,\""queue\"":[2,4,1,3]}}"", ""2"": ""{\""1553542622872\"":{\""status\"":\""accepted\"",\""requester\"":2,\""requestee\"":4,\""bid\"":null,\""queue\"":[2,4,3,1]},\""1553542618425\"":{\""status\"":\""accepted\"",\""requester\"":1,\""requestee\"":3,\""bid\"":null,\""queue\"":[2,4,1,3]},\""1553542627650\"":{\""status\"":\""accepted\"",\""requester\"":3,\""requestee\"":1,\""bid\"":null,\""queue\"":[2,4,3,1]},\""1553542634318\"":{\""status\"":\""accepted\"",\""requester\"":1,\""requestee\"":3,\""bid\"":null,\""queue\"":[2,4,1,3]},\""1553542641254\"":{\""status\"":\""accepted\"",\""requester\"":3,\""requestee\"":1,\""bid\"":null,\""queue\"":[2,4,3,1]},\""1553542652741\"":{\""status\"":\""accepted\"",\""requester\"":1,\""requestee\"":3,\""bid\"":null,\""queue\"":[2,4,1,3]}}"", ""3"": ""{\""1553542622872\"":{\""status\"":\""accepted\"",\""requester\"":2,\""requestee\"":4,\""bid\"":null,\""queue\"":[2,4,3,1]},\""1553542618425\"":{\""status\"":\""accepted\"",\""requester\"":1,\""requestee\"":3,\""bid\"":null,\""queue\"":[2,4,1,3]},\""1553542627650\"":{\""status\"":\""accepted\"",\""requester\"":3,\""requestee\"":1,\""bid\"":null,\""queue\"":[2,4,3,1]},\""1553542634318\"":{\""status\"":\""accepted\"",\""requester\"":1,\""requestee\"":3,\""bid\"":null,\""queue\"":[2,4,1,3]},\""1553542641254\"":{\""status\"":\""accepted\"",\""requester\"":3,\""requestee\"":1,\""bid\"":null,\""queue\"":[2,4,3,1]},\""1553542652741\"":{\""status\"":\""accepted\"",\""requester\"":1,\""requestee\"":3,\""bid\"":null,\""queue\"":[2,4,1,3]}}"", ""4"": ""{\""1553542622872\"":{\""status\"":\""accepted\"",\""requester\"":2,\""requestee\"":4,\""bid\"":null,\""queue\"":[2,4,3,1]},\""1553542618425\"":{\""status\"":\""accepted\"",\""requester\"":1,\""requestee\"":3,\""bid\"":null,\""queue\"":[2,4,1,3]},\""1553542627650\"":{\""status\"":\""accepted\"",\""requester\"":3,\""requestee\"":1,\""bid\"":null,\""queue\"":[2,4,3,1]},\""1553542634318\"":{\""status\"":\""accepted\"",\""requester\"":1,\""requestee\"":3,\""bid\"":null,\""queue\"":[2,4,1,3]},\""1553542641254\"":{\""status\"":\""accepted\"",\""requester\"":3,\""requestee\"":1,\""bid\"":null,\""queue\"":[2,4,3,1]},\""1553542652741\"":{\""status\"":\""accepted\"",\""requester\"":1,\""requestee\"":3,\""bid\"":null,\""queue\"":[2,4,1,3]}}""}",0,1,0.02,7,1,2019-03-25 19:36:56.467357+00:00,1
2,am0u7dt2,,0,5,6,Lines_Queueing,1,BetweenPages,127.0.0.1,2019-03-25 19:36:52.238910+00:00,1,,,8,0.00,zuiha9k0,,,,,,1,0.0,0.00,2,,2019-03-25T19:36:57.255Z,2019-03-25T19:37:24.133Z,,,7.0,2,12.0,24.0,0.03,swap,gain,7.69,"{""1553542622872"":{""status"":""accepted"",""requester"":2,""requestee"":4,""bid"":null,""queue"":[2,4,3,1]},""1553542618425"":{""status"":""accepted"",""requester"":1,""requestee"":3,""bid"":null,""queue"":[2,4,1,3]},""1553542627650"":{""status"":""accepted"",""requester"":3,""requestee"":1,""bid"":null,""queue"":[2,4,3,1]},""1553542634318"":{""status"":""accepted"",""requester"":1,""requestee"":3,""bid"":null,""queue"":[2,4,1,3]},""1553542641254"":{""status"":""accepted"",""requester"":3,""requestee"":1,""bid"":null,""queue"":[2,4,3,1]},""1553542652741"":{""status"":""accepted"",""requester"":1,""requestee"":3,""bid"":null,""queue"":[2,4,1,3]}}","{""1"": ""{\""1553542622872\"":{\""status\"":\""accepted\"",\""requester\"":2,\""requestee\"":4,\""bid\"":null,\""queue\"":[2,4,3,1]},\""1553542618425\"":{\""status\"":\""accepted\"",\""requester\"":1,\""requestee\"":3,\""bid\"":null,\""queue\"":[2,4,1,3]},\""1553542627650\"":{\""status\"":\""accepted\"",\""requester\"":3,\""requestee\"":1,\""bid\"":null,\""queue\"":[2,4,3,1]},\""1553542634318\"":{\""status\"":\""accepted\"",\""requester\"":1,\""requestee\"":3,\""bid\"":null,\""queue\"":[2,4,1,3]},\""1553542641254\"":{\""status\"":\""accepted\"",\""requester\"":3,\""requestee\"":1,\""bid\"":null,\""queue\"":[2,4,3,1]},\""1553542652741\"":{\""status\"":\""accepted\"",\""requester\"":1,\""requestee\"":3,\""bid\"":null,\""queue\"":[2,4,1,3]}}"", ""2"": ""{\""1553542622872\"":{\""status\"":\""accepted\"",\""requester\"":2,\""requestee\"":4,\""bid\"":null,\""queue\"":[2,4,3,1]},\""1553542618425\"":{\""status\"":\""accepted\"",\""requester\"":1,\""requestee\"":3,\""bid\"":null,\""queue\"":[2,4,1,3]},\""1553542627650\"":{\""status\"":\""accepted\"",\""requester\"":3,\""requestee\"":1,\""bid\"":null,\""queue\"":[2,4,3,1]},\""1553542634318\"":{\""status\"":\""accepted\"",\""requester\"":1,\""requestee\"":3,\""bid\"":null,\""queue\"":[2,4,1,3]},\""1553542641254\"":{\""status\"":\""accepted\"",\""requester\"":3,\""requestee\"":1,\""bid\"":null,\""queue\"":[2,4,3,1]},\""1553542652741\"":{\""status\"":\""accepted\"",\""requester\"":1,\""requestee\"":3,\""bid\"":null,\""queue\"":[2,4,1,3]}}"", ""3"": ""{\""1553542622872\"":{\""status\"":\""accepted\"",\""requester\"":2,\""requestee\"":4,\""bid\"":null,\""queue\"":[2,4,3,1]},\""1553542618425\"":{\""status\"":\""accepted\"",\""requester\"":1,\""requestee\"":3,\""bid\"":null,\""queue\"":[2,4,1,3]},\""1553542627650\"":{\""status\"":\""accepted\"",\""requester\"":3,\""requestee\"":1,\""bid\"":null,\""queue\"":[2,4,3,1]},\""1553542634318\"":{\""status\"":\""accepted\"",\""requester\"":1,\""requestee\"":3,\""bid\"":null,\""queue\"":[2,4,1,3]},\""1553542641254\"":{\""status\"":\""accepted\"",\""requester\"":3,\""requestee\"":1,\""bid\"":null,\""queue\"":[2,4,3,1]},\""1553542652741\"":{\""status\"":\""accepted\"",\""requester\"":1,\""requestee\"":3,\""bid\"":null,\""queue\"":[2,4,1,3]}}"", ""4"": ""{\""1553542622872\"":{\""status\"":\""accepted\"",\""requester\"":2,\""requestee\"":4,\""bid\"":null,\""queue\"":[2,4,3,1]},\""1553542618425\"":{\""status\"":\""accepted\"",\""requester\"":1,\""requestee\"":3,\""bid\"":null,\""queue\"":[2,4,1,3]},\""1553542627650\"":{\""status\"":\""accepted\"",\""requester\"":3,\""requestee\"":1,\""bid\"":null,\""queue\"":[2,4,3,1]},\""1553542634318\"":{\""status\"":\""accepted\"",\""requester\"":1,\""requestee\"":3,\""bid\"":null,\""queue\"":[2,4,1,3]},\""1553542641254\"":{\""status\"":\""accepted\"",\""requester\"":3,\""requestee\"":1,\""bid\"":null,\""queue\"":[2,4,3,1]},\""1553542652741\"":{\""status\"":\""accepted\"",\""requester\"":1,\""requestee\"":3,\""bid\"":null,\""queue\"":[2,4,1,3]}}""}",0,1,0.01,8,1,2019-03-25 19:36:56.467357+00:00,1
3,c94ke83o,,0,5,6,Lines_Queueing,1,BetweenPages,127.0.0.1,2019-03-25 19:36:52.626032+00:00,1,,,6,0.00,zuiha9k0,,,,,,1,0.0,0.00,4,,2019-03-25T19:36:57.292Z,2019-03-25T19:37:37.149Z,,,6.0,1,12.0,35.0,0.04,swap,gain,5.71,"{""1553542622872"":{""status"":""accepted"",""requester"":2,""requestee"":4,""bid"":null,""queue"":[2,4,3,1]},""1553542618425"":{""status"":""accepted"",""requester"":1,""requestee"":3,""bid"":null,""queue"":[2,4,1,3]},""1553542627650"":{""status"":""accepted"",""requester"":3,""requestee"":1,""bid"":null,""queue"":[2,4,3,1]},""1553542634318"":{""status"":""accepted"",""requester"":1,""requestee"":3,""bid"":null,""queue"":[2,4,1,3]},""1553542641254"":{""status"":""accepted"",""requester"":3,""requestee"":1,""bid"":null,""queue"":[2,4,3,1]},""1553542652741"":{""status"":""accepted"",""requester"":1,""requestee"":3,""bid"":null,""queue"":[2,4,1,3]}}","{""1"": ""{\""1553542622872\"":{\""status\"":\""accepted\"",\""requester\"":2,\""requestee\"":4,\""bid\"":null,\""queue\"":[2,4,3,1]},\""1553542618425\"":{\""status\"":\""accepted\"",\""requester\"":1,\""requestee\"":3,\""bid\"":null,\""queue\"":[2,4,1,3]},\""1553542627650\"":{\""status\"":\""accepted\"",\""requester\"":3,\""requestee\"":1,\""bid\"":null,\""queue\"":[2,4,3,1]},\""1553542634318\"":{\""status\"":\""accepted\"",\""requester\"":1,\""requestee\"":3,\""bid\"":null,\""queue\"":[2,4,1,3]},\""1553542641254\"":{\""status\"":\""accepted\"",\""requester\"":3,\""requestee\"":1,\""bid\"":null,\""queue\"":[2,4,3,1]},\""1553542652741\"":{\""status\"":\""accepted\"",\""requester\"":1,\""requestee\"":3,\""bid\"":null,\""queue\"":[2,4,1,3]}}"", ""2"": ""{\""1553542622872\"":{\""status\"":\""accepted\"",\""requester\"":2,\""requestee\"":4,\""bid\"":null,\""queue\"":[2,4,3,1]},\""1553542618425\"":{\""status\"":\""accepted\"",\""requester\"":1,\""requestee\"":3,\""bid\"":null,\""queue\"":[2,4,1,3]},\""1553542627650\"":{\""status\"":\""accepted\"",\""requester\"":3,\""requestee\"":1,\""bid\"":null,\""queue\"":[2,4,3,1]},\""1553542634318\"":{\""status\"":\""accepted\"",\""requester\"":1,\""requestee\"":3,\""bid\"":null,\""queue\"":[2,4,1,3]},\""1553542641254\"":{\""status\"":\""accepted\"",\""requester\"":3,\""requestee\"":1,\""bid\"":null,\""queue\"":[2,4,3,1]},\""1553542652741\"":{\""status\"":\""accepted\"",\""requester\"":1,\""requestee\"":3,\""bid\"":null,\""queue\"":[2,4,1,3]}}"", ""3"": ""{\""1553542622872\"":{\""status\"":\""accepted\"",\""requester\"":2,\""requestee\"":4,\""bid\"":null,\""queue\"":[2,4,3,1]},\""1553542618425\"":{\""status\"":\""accepted\"",\""requester\"":1,\""requestee\"":3,\""bid\"":null,\""queue\"":[2,4,1,3]},\""1553542627650\"":{\""status\"":\""accepted\"",\""requester\"":3,\""requestee\"":1,\""bid\"":null,\""queue\"":[2,4,3,1]},\""1553542634318\"":{\""status\"":\""accepted\"",\""requester\"":1,\""requestee\"":3,\""bid\"":null,\""queue\"":[2,4,1,3]},\""1553542641254\"":{\""status\"":\""accepted\"",\""requester\"":3,\""requestee\"":1,\""bid\"":null,\""queue\"":[2,4,3,1]},\""1553542652741\"":{\""status\"":\""accepted\"",\""requester\"":1,\""requestee\"":3,\""bid\"":null,\""queue\"":[2,4,1,3]}}"", ""4"": ""{\""1553542622872\"":{\""status\"":\""accepted\"",\""requester\"":2,\""requestee\"":4,\""bid\"":null,\""queue\"":[2,4,3,1]},\""1553542618425\"":{\""status\"":\""accepted\"",\""requester\"":1,\""requestee\"":3,\""bid\"":null,\""queue\"":[2,4,1,3]},\""1553542627650\"":{\""status\"":\""accepted\"",\""requester\"":3,\""requestee\"":1,\""bid\"":null,\""queue\"":[2,4,3,1]},\""1553542634318\"":{\""status\"":\""accepted\"",\""requester\"":1,\""requestee\"":3,\""bid\"":null,\""queue\"":[2,4,1,3]},\""1553542641254\"":{\""status\"":\""accepted\"",\""requester\"":3,\""requestee\"":1,\""bid\"":null,\""queue\"":[2,4,3,1]},\""1553542652741\"":{\""status\"":\""accepted\"",\""requester\"":1,\""requestee\"":3,\""bid\"":null,\""queue\"":[2,4,1,3]}}""}",0,1,0.03,6,1,2019-03-25 19:36:56.467357+00:00,1
4,54476vyk,,0,5,6,Lines_Queueing,1,BetweenPages,127.0.0.1,2019-03-25 19:36:52.938350+00:00,1,,,4,0.00,zuiha9k0,,,,,,1,0.0,0.00,3,,2019-03-25T19:36:55.586Z,,,,5.0,3,12.0,57.0,0.05,swap,gain,4.43,"{""1553542622872"":{""status"":""accepted"",""requester"":2,""requestee"":4,""bid"":null,""queue"":[2,4,3,1]},""1553542618425"":{""status"":""accepted"",""requester"":1,""requestee"":3,""bid"":null,""queue"":[2,4,1,3]},""1553542627650"":{""status"":""accepted"",""requester"":3,""requestee"":1,""bid"":null,""queue"":[2,4,3,1]},""1553542634318"":{""status"":""accepted"",""requester"":1,""requestee"":3,""bid"":null,""queue"":[2,4,1,3]},""1553542641254"":{""status"":""accepted"",""requester"":3,""requestee"":1,""bid"":null,""queue"":[2,4,3,1]},""1553542652741"":{""status"":""accepted"",""requester"":1,""requestee"":3,""bid"":null,""queue"":[2,4,1,3]}}","{""1"": ""{\""1553542622872\"":{\""status\"":\""accepted\"",\""requester\"":2,\""requestee\"":4,\""bid\"":null,\""queue\"":[2,4,3,1]},\""1553542618425\"":{\""status\"":\""accepted\"",\""requester\"":1,\""requestee\"":3,\""bid\"":null,\""queue\"":[2,4,1,3]},\""1553542627650\"":{\""status\"":\""accepted\"",\""requester\"":3,\""requestee\"":1,\""bid\"":null,\""queue\"":[2,4,3,1]},\""1553542634318\"":{\""status\"":\""accepted\"",\""requester\"":1,\""requestee\"":3,\""bid\"":null,\""queue\"":[2,4,1,3]},\""1553542641254\"":{\""status\"":\""accepted\"",\""requester\"":3,\""requestee\"":1,\""bid\"":null,\""queue\"":[2,4,3,1]},\""1553542652741\"":{\""status\"":\""accepted\"",\""requester\"":1,\""requestee\"":3,\""bid\"":null,\""queue\"":[2,4,1,3]}}"", ""2"": ""{\""1553542622872\"":{\""status\"":\""accepted\"",\""requester\"":2,\""requestee\"":4,\""bid\"":null,\""queue\"":[2,4,3,1]},\""1553542618425\"":{\""status\"":\""accepted\"",\""requester\"":1,\""requestee\"":3,\""bid\"":null,\""queue\"":[2,4,1,3]},\""1553542627650\"":{\""status\"":\""accepted\"",\""requester\"":3,\""requestee\"":1,\""bid\"":null,\""queue\"":[2,4,3,1]},\""1553542634318\"":{\""status\"":\""accepted\"",\""requester\"":1,\""requestee\"":3,\""bid\"":null,\""queue\"":[2,4,1,3]},\""1553542641254\"":{\""status\"":\""accepted\"",\""requester\"":3,\""requestee\"":1,\""bid\"":null,\""queue\"":[2,4,3,1]},\""1553542652741\"":{\""status\"":\""accepted\"",\""requester\"":1,\""requestee\"":3,\""bid\"":null,\""queue\"":[2,4,1,3]}}"", ""3"": ""{\""1553542622872\"":{\""status\"":\""accepted\"",\""requester\"":2,\""requestee\"":4,\""bid\"":null,\""queue\"":[2,4,3,1]},\""1553542618425\"":{\""status\"":\""accepted\"",\""requester\"":1,\""requestee\"":3,\""bid\"":null,\""queue\"":[2,4,1,3]},\""1553542627650\"":{\""status\"":\""accepted\"",\""requester\"":3,\""requestee\"":1,\""bid\"":null,\""queue\"":[2,4,3,1]},\""1553542634318\"":{\""status\"":\""accepted\"",\""requester\"":1,\""requestee\"":3,\""bid\"":null,\""queue\"":[2,4,1,3]},\""1553542641254\"":{\""status\"":\""accepted\"",\""requester\"":3,\""requestee\"":1,\""bid\"":null,\""queue\"":[2,4,3,1]},\""1553542652741\"":{\""status\"":\""accepted\"",\""requester\"":1,\""requestee\"":3,\""bid\"":null,\""queue\"":[2,4,1,3]}}"", ""4"": ""{\""1553542622872\"":{\""status\"":\""accepted\"",\""requester\"":2,\""requestee\"":4,\""bid\"":null,\""queue\"":[2,4,3,1]},\""1553542618425\"":{\""status\"":\""accepted\"",\""requester\"":1,\""requestee\"":3,\""bid\"":null,\""queue\"":[2,4,1,3]},\""1553542627650\"":{\""status\"":\""accepted\"",\""requester\"":3,\""requestee\"":1,\""bid\"":null,\""queue\"":[2,4,3,1]},\""1553542634318\"":{\""status\"":\""accepted\"",\""requester\"":1,\""requestee\"":3,\""bid\"":null,\""queue\"":[2,4,1,3]},\""1553542641254\"":{\""status\"":\""accepted\"",\""requester\"":3,\""requestee\"":1,\""bid\"":null,\""queue\"":[2,4,3,1]},\""1553542652741\"":{\""status\"":\""accepted\"",\""requester\"":1,\""requestee\"":3,\""bid\"":null,\""queue\"":[2,4,1,3]}}""}",0,1,0.01,4,1,2019-03-25 19:36:56.467357+00:00,1
1,9fcx1t4a,,0,5,6,Lines_Queueing,1,BetweenPages,127.0.0.1,2019-03-25 19:42:43.286439+00:00,1,,,7,0.00,g2bn5ygo,,,,,,1,0.0,0.00,2,,2019-03-25T19:42:48.023Z,,,,8.0,4,12.0,58.0,0.02,swap,gain,6.84,"{""1553542972517"":{""status"":""accepted"",""requester"":2,""requestee"":3,""bid"":null,""queue"":[1,4,2,3]},""1553542978714"":{""status"":""accepted"",""requester"":3,""requestee"":2,""bid"":null,""queue"":[1,4,3,2]},""1553542986225"":{""status"":""accepted"",""requester"":2,""requestee"":3,""bid"":null,""queue"":[1,4,2,3]},""1553542995180"":{""status"":""accepted"",""requester"":3,""requestee"":2,""bid"":null,""queue"":[1,4,3,2]}}","{""1"": ""{\""1553542972517\"":{\""status\"":\""accepted\"",\""requester\"":2,\""requestee\"":3,\""bid\"":null,\""queue\"":[1,4,2,3]},\""1553542978714\"":{\""status\"":\""accepted\"",\""requester\"":3,\""requestee\"":2,\""bid\"":null,\""queue\"":[1,4,3,2]},\""1553542986225\"":{\""status\"":\""accepted\"",\""requester\"":2,\""requestee\"":3,\""bid\"":null,\""queue\"":[1,4,2,3]},\""1553542995180\"":{\""status\"":\""accepted\"",\""requester\"":3,\""requestee\"":2,\""bid\"":null,\""queue\"":[1,4,3,2]}}"", ""2"": ""{\""1553542972517\"":{\""status\"":\""accepted\"",\""requester\"":2,\""requestee\"":3,\""bid\"":null,\""queue\"":[1,4,2,3]},\""1553542978714\"":{\""status\"":\""accepted\"",\""requester\"":3,\""requestee\"":2,\""bid\"":null,\""queue\"":[1,4,3,2]},\""1553542986225\"":{\""status\"":\""accepted\"",\""requester\"":2,\""requestee\"":3,\""bid\"":null,\""queue\"":[1,4,2,3]},\""1553542995180\"":{\""status\"":\""accepted\"",\""requester\"":3,\""requestee\"":2,\""bid\"":null,\""queue\"":[1,4,3,2]}}"", ""3"": ""{\""1553542972517\"":{\""status\"":\""accepted\"",\""requester\"":2,\""requestee\"":3,\""bid\"":null,\""queue\"":[1,4,2,3]},\""1553542978714\"":{\""status\"":\""accepted\"",\""requester\"":3,\""requestee\"":2,\""bid\"":null,\""queue\"":[1,4,3,2]},\""1553542986225\"":{\""status\"":\""accepted\"",\""requester\"":2,\""requestee\"":3,\""bid\"":null,\""queue\"":[1,4,2,3]},\""1553542995180\"":{\""status\"":\""accepted\"",\""requester\"":3,\""requestee\"":2,\""bid\"":null,\""queue\"":[1,4,3,2]}}"", ""4"": ""{\""1553542972517\"":{\""status\"":\""accepted\"",\""requester\"":2,\""requestee\"":3,\""bid\"":null,\""queue\"":[1,4,2,3]},\""1553542978714\"":{\""status\"":\""accepted\"",\""requester\"":3,\""requestee\"":2,\""bid\"":null,\""queue\"":[1,4,3,2]},\""1553542986225\"":{\""status\"":\""accepted\"",\""requester\"":2,\""requestee\"":3,\""bid\"":null,\""queue\"":[1,4,2,3]},\""1553542995180\"":{\""status\"":\""accepted\"",\""requester\"":3,\""requestee\"":2,\""bid\"":null,\""queue\"":[1,4,3,2]}}""}",0,1,0.02,7,1,2019-03-25 19:42:48.808647+00:00,1
2,66ydi6h6,,0,5,6,Lines_Queueing,1,BetweenPages,127.0.0.1,2019-03-25 19:42:43.607240+00:00,1,,,6,0.00,g2bn5ygo,,,,,,1,0.0,0.00,4,,2019-03-25T19:42:49.299Z,2019-03-25T19:43:25.152Z,,,6.0,2,12.0,31.0,0.04,swap,gain,5.99,"{""1553542972517"":{""status"":""accepted"",""requester"":2,""requestee"":3,""bid"":null,""queue"":[1,4,2,3]},""1553542978714"":{""status"":""accepted"",""requester"":3,""requestee"":2,""bid"":null,""queue"":[1,4,3,2]},""1553542986225"":{""status"":""accepted"",""requester"":2,""requestee"":3,""bid"":null,""queue"":[1,4,2,3]},""1553542995180"":{""status"":""accepted"",""requester"":3,""requestee"":2,""bid"":null,""queue"":[1,4,3,2]}}","{""1"": ""{\""1553542972517\"":{\""status\"":\""accepted\"",\""requester\"":2,\""requestee\"":3,\""bid\"":null,\""queue\"":[1,4,2,3]},\""1553542978714\"":{\""status\"":\""accepted\"",\""requester\"":3,\""requestee\"":2,\""bid\"":null,\""queue\"":[1,4,3,2]},\""1553542986225\"":{\""status\"":\""accepted\"",\""requester\"":2,\""requestee\"":3,\""bid\"":null,\""queue\"":[1,4,2,3]},\""1553542995180\"":{\""status\"":\""accepted\"",\""requester\"":3,\""requestee\"":2,\""bid\"":null,\""queue\"":[1,4,3,2]}}"", ""2"": ""{\""1553542972517\"":{\""status\"":\""accepted\"",\""requester\"":2,\""requestee\"":3,\""bid\"":null,\""queue\"":[1,4,2,3]},\""1553542978714\"":{\""status\"":\""accepted\"",\""requester\"":3,\""requestee\"":2,\""bid\"":null,\""queue\"":[1,4,3,2]},\""1553542986225\"":{\""status\"":\""accepted\"",\""requester\"":2,\""requestee\"":3,\""bid\"":null,\""queue\"":[1,4,2,3]},\""1553542995180\"":{\""status\"":\""accepted\"",\""requester\"":3,\""requestee\"":2,\""bid\"":null,\""queue\"":[1,4,3,2]}}"", ""3"": ""{\""1553542972517\"":{\""status\"":\""accepted\"",\""requester\"":2,\""requestee\"":3,\""bid\"":null,\""queue\"":[1,4,2,3]},\""1553542978714\"":{\""status\"":\""accepted\"",\""requester\"":3,\""requestee\"":2,\""bid\"":null,\""queue\"":[1,4,3,2]},\""1553542986225\"":{\""status\"":\""accepted\"",\""requester\"":2,\""requestee\"":3,\""bid\"":null,\""queue\"":[1,4,2,3]},\""1553542995180\"":{\""status\"":\""accepted\"",\""requester\"":3,\""requestee\"":2,\""bid\"":null,\""queue\"":[1,4,3,2]}}"", ""4"": ""{\""1553542972517\"":{\""status\"":\""accepted\"",\""requester\"":2,\""requestee\"":3,\""bid\"":null,\""queue\"":[1,4,2,3]},\""1553542978714\"":{\""status\"":\""accepted\"",\""requester\"":3,\""requestee\"":2,\""bid\"":null,\""queue\"":[1,4,3,2]},\""1553542986225\"":{\""status\"":\""accepted\"",\""requester\"":2,\""requestee\"":3,\""bid\"":null,\""queue\"":[1,4,2,3]},\""1553542995180\"":{\""status\"":\""accepted\"",\""requester\"":3,\""requestee\"":2,\""bid\"":null,\""queue\"":[1,4,3,2]}}""}",0,1,0.03,6,1,2019-03-25 19:42:48.808647+00:00,1
3,pz3crwlf,,0,5,6,Lines_Queueing,1,BetweenPages,127.0.0.1,2019-03-25 19:42:43.989168+00:00,1,,,7,0.00,g2bn5ygo,,,,,,1,0.0,0.00,3,,2019-03-25T19:42:49.313Z,2019-03-25T19:43:37.142Z,,,7.0,3,12.0,49.0,0.03,swap,gain,6.84,"{""1553542972517"":{""status"":""accepted"",""requester"":2,""requestee"":3,""bid"":null,""queue"":[1,4,2,3]},""1553542978714"":{""status"":""accepted"",""requester"":3,""requestee"":2,""bid"":null,""queue"":[1,4,3,2]},""1553542986225"":{""status"":""accepted"",""requester"":2,""requestee"":3,""bid"":null,""queue"":[1,4,2,3]},""1553542995180"":{""status"":""accepted"",""requester"":3,""requestee"":2,""bid"":null,""queue"":[1,4,3,2]}}","{""1"": ""{\""1553542972517\"":{\""status\"":\""accepted\"",\""requester\"":2,\""requestee\"":3,\""bid\"":null,\""queue\"":[1,4,2,3]},\""1553542978714\"":{\""status\"":\""accepted\"",\""requester\"":3,\""requestee\"":2,\""bid\"":null,\""queue\"":[1,4,3,2]},\""1553542986225\"":{\""status\"":\""accepted\"",\""requester\"":2,\""requestee\"":3,\""bid\"":null,\""queue\"":[1,4,2,3]},\""1553542995180\"":{\""status\"":\""accepted\"",\""requester\"":3,\""requestee\"":2,\""bid\"":null,\""queue\"":[1,4,3,2]}}"", ""2"": ""{\""1553542972517\"":{\""status\"":\""accepted\"",\""requester\"":2,\""requestee\"":3,\""bid\"":null,\""queue\"":[1,4,2,3]},\""1553542978714\"":{\""status\"":\""accepted\"",\""requester\"":3,\""requestee\"":2,\""bid\"":null,\""queue\"":[1,4,3,2]},\""1553542986225\"":{\""status\"":\""accepted\"",\""requester\"":2,\""requestee\"":3,\""bid\"":null,\""queue\"":[1,4,2,3]},\""1553542995180\"":{\""status\"":\""accepted\"",\""requester\"":3,\""requestee\"":2,\""bid\"":null,\""queue\"":[1,4,3,2]}}"", ""3"": ""{\""1553542972517\"":{\""status\"":\""accepted\"",\""requester\"":2,\""requestee\"":3,\""bid\"":null,\""queue\"":[1,4,2,3]},\""1553542978714\"":{\""status\"":\""accepted\"",\""requester\"":3,\""requestee\"":2,\""bid\"":null,\""queue\"":[1,4,3,2]},\""1553542986225\"":{\""status\"":\""accepted\"",\""requester\"":2,\""requestee\"":3,\""bid\"":null,\""queue\"":[1,4,2,3]},\""1553542995180\"":{\""status\"":\""accepted\"",\""requester\"":3,\""requestee\"":2,\""bid\"":null,\""queue\"":[1,4,3,2]}}"", ""4"": ""{\""1553542972517\"":{\""status\"":\""accepted\"",\""requester\"":2,\""requestee\"":3,\""bid\"":null,\""queue\"":[1,4,2,3]},\""1553542978714\"":{\""status\"":\""accepted\"",\""requester\"":3,\""requestee\"":2,\""bid\"":null,\""queue\"":[1,4,3,2]},\""1553542986225\"":{\""status\"":\""accepted\"",\""requester\"":2,\""requestee\"":3,\""bid\"":null,\""queue\"":[1,4,2,3]},\""1553542995180\"":{\""status\"":\""accepted\"",\""requester\"":3,\""requestee\"":2,\""bid\"":null,\""queue\"":[1,4,3,2]}}""}",0,1,0.01,7,1,2019-03-25 19:42:48.808647+00:00,1
4,rnxyos90,,0,5,6,Lines_Queueing,1,BetweenPages,127.0.0.1,2019-03-25 19:42:44.415069+00:00,1,,,6,0.00,g2bn5ygo,,,,,,1,0.0,0.00,1,,2019-03-25T19:42:46.520Z,2019-03-25T19:43:13.143Z,,,5.0,1,12.0,25.0,0.05,swap,gain,6.35,"{""1553542972517"":{""status"":""accepted"",""requester"":2,""requestee"":3,""bid"":null,""queue"":[1,4,2,3]},""1553542978714"":{""status"":""accepted"",""requester"":3,""requestee"":2,""bid"":null,""queue"":[1,4,3,2]},""1553542986225"":{""status"":""accepted"",""requester"":2,""requestee"":3,""bid"":null,""queue"":[1,4,2,3]},""1553542995180"":{""status"":""accepted"",""requester"":3,""requestee"":2,""bid"":null,""queue"":[1,4,3,2]}}","{""1"": ""{\""1553542972517\"":{\""status\"":\""accepted\"",\""requester\"":2,\""requestee\"":3,\""bid\"":null,\""queue\"":[1,4,2,3]},\""1553542978714\"":{\""status\"":\""accepted\"",\""requester\"":3,\""requestee\"":2,\""bid\"":null,\""queue\"":[1,4,3,2]},\""1553542986225\"":{\""status\"":\""accepted\"",\""requester\"":2,\""requestee\"":3,\""bid\"":null,\""queue\"":[1,4,2,3]},\""1553542995180\"":{\""status\"":\""accepted\"",\""requester\"":3,\""requestee\"":2,\""bid\"":null,\""queue\"":[1,4,3,2]}}"", ""2"": ""{\""1553542972517\"":{\""status\"":\""accepted\"",\""requester\"":2,\""requestee\"":3,\""bid\"":null,\""queue\"":[1,4,2,3]},\""1553542978714\"":{\""status\"":\""accepted\"",\""requester\"":3,\""requestee\"":2,\""bid\"":null,\""queue\"":[1,4,3,2]},\""1553542986225\"":{\""status\"":\""accepted\"",\""requester\"":2,\""requestee\"":3,\""bid\"":null,\""queue\"":[1,4,2,3]},\""1553542995180\"":{\""status\"":\""accepted\"",\""requester\"":3,\""requestee\"":2,\""bid\"":null,\""queue\"":[1,4,3,2]}}"", ""3"": ""{\""1553542972517\"":{\""status\"":\""accepted\"",\""requester\"":2,\""requestee\"":3,\""bid\"":null,\""queue\"":[1,4,2,3]},\""1553542978714\"":{\""status\"":\""accepted\"",\""requester\"":3,\""requestee\"":2,\""bid\"":null,\""queue\"":[1,4,3,2]},\""1553542986225\"":{\""status\"":\""accepted\"",\""requester\"":2,\""requestee\"":3,\""bid\"":null,\""queue\"":[1,4,2,3]},\""1553542995180\"":{\""status\"":\""accepted\"",\""requester\"":3,\""requestee\"":2,\""bid\"":null,\""queue\"":[1,4,3,2]}}"", ""4"": ""{\""1553542972517\"":{\""status\"":\""accepted\"",\""requester\"":2,\""requestee\"":3,\""bid\"":null,\""queue\"":[1,4,2,3]},\""1553542978714\"":{\""status\"":\""accepted\"",\""requester\"":3,\""requestee\"":2,\""bid\"":null,\""queue\"":[1,4,3,2]},\""1553542986225\"":{\""status\"":\""accepted\"",\""requester\"":2,\""requestee\"":3,\""bid\"":null,\""queue\"":[1,4,2,3]},\""1553542995180\"":{\""status\"":\""accepted\"",\""requester\"":3,\""requestee\"":2,\""bid\"":null,\""queue\"":[1,4,3,2]}}""}",0,1,0.01,6,1,2019-03-25 19:42:48.808647+00:00,1
1,ko4wc8xg,,0,5,6,Lines_Queueing,1,BetweenPages,127.0.0.1,2019-03-25 19:46:04.110144+00:00,1,,,6,0.00,bwld47ih,,,,,,1,0.0,0.00,3,,2019-03-25T19:46:08.314Z,2019-03-25T19:46:46.146Z,,,6.0,3,12.0,38.0,0.04,swap,gain,5.66,"{""1553543170833"":{""status"":""accepted"",""requester"":3,""requestee"":4,""message"":""asdfasdfasdfads"",""bid"":null,""queue"":[1,3,4,2]},""1553543175969"":{""status"":""accepted"",""requester"":4,""requestee"":3,""message"":""dfdfdfd"",""bid"":null,""queue"":[1,4,3,2]},""1553543186466"":{""status"":""accepted"",""requester"":3,""requestee"":4,""message"":""asdfasfasf"",""bid"":null,""queue"":[1,3,4,2]},""1553543199760"":{""status"":""accepted"",""requester"":2,""requestee"":4,""message"":""fdfdfdf"",""bid"":null,""queue"":[1,3,2,4]},""1553543205310"":{""status"":""cancelled"",""requester"":4,""requestee"":2,""queue"":[1,3,2,4]}}","{""1"": ""null"", ""2"": ""{\""1553543170833\"":{\""status\"":\""accepted\"",\""requester\"":3,\""requestee\"":4,\""message\"":\""asdfasdfasdfads\"",\""bid\"":null,\""queue\"":[1,3,4,2]},\""1553543175969\"":{\""status\"":\""accepted\"",\""requester\"":4,\""requestee\"":3,\""message\"":\""dfdfdfd\"",\""bid\"":null,\""queue\"":[1,4,3,2]},\""1553543186466\"":{\""status\"":\""accepted\"",\""requester\"":3,\""requestee\"":4,\""message\"":\""asdfasfasf\"",\""bid\"":null,\""queue\"":[1,3,4,2]},\""1553543199760\"":{\""status\"":\""accepted\"",\""requester\"":2,\""requestee\"":4,\""message\"":\""fdfdfdf\"",\""bid\"":null,\""queue\"":[1,3,2,4]},\""1553543205310\"":{\""status\"":\""cancelled\"",\""requester\"":4,\""requestee\"":2,\""queue\"":[1,3,2,4]}}"", ""3"": ""{\""1553543170833\"":{\""status\"":\""accepted\"",\""requester\"":3,\""requestee\"":4,\""message\"":\""asdfasdfasdfads\"",\""bid\"":null,\""queue\"":[1,3,4,2]},\""1553543175969\"":{\""status\"":\""accepted\"",\""requester\"":4,\""requestee\"":3,\""message\"":\""dfdfdfd\"",\""bid\"":null,\""queue\"":[1,4,3,2]},\""1553543186466\"":{\""status\"":\""accepted\"",\""requester\"":3,\""requestee\"":4,\""message\"":\""asdfasfasf\"",\""bid\"":null,\""queue\"":[1,3,4,2]},\""1553543199760\"":{\""status\"":\""accepted\"",\""requester\"":2,\""requestee\"":4,\""message\"":\""fdfdfdf\"",\""bid\"":null,\""queue\"":[1,3,2,4]},\""1553543205310\"":{\""status\"":\""cancelled\"",\""requester\"":4,\""requestee\"":2,\""queue\"":[1,3,2,4]}}"", ""4"": ""{\""1553543170833\"":{\""status\"":\""accepted\"",\""requester\"":3,\""requestee\"":4,\""message\"":\""asdfasdfasdfads\"",\""bid\"":null,\""queue\"":[1,3,4,2]},\""1553543175969\"":{\""status\"":\""accepted\"",\""requester\"":4,\""requestee\"":3,\""message\"":\""dfdfdfd\"",\""bid\"":null,\""queue\"":[1,4,3,2]},\""1553543186466\"":{\""status\"":\""accepted\"",\""requester\"":3,\""requestee\"":4,\""message\"":\""asdfasfasf\"",\""bid\"":null,\""queue\"":[1,3,4,2]},\""1553543199760\"":{\""status\"":\""accepted\"",\""requester\"":2,\""requestee\"":4,\""message\"":\""fdfdfdf\"",\""bid\"":null,\""queue\"":[1,3,2,4]},\""1553543205310\"":{\""status\"":\""cancelled\"",\""requester\"":4,\""requestee\"":2,\""queue\"":[1,3,2,4]}}""}",0,1,0.03,6,1,2019-03-25 19:46:08.986657+00:00,1
2,vpax0ziy,,0,5,6,Lines_Queueing,1,BetweenPages,127.0.0.1,2019-03-25 19:46:04.694247+00:00,1,,,6,0.00,bwld47ih,,,,,,1,0.0,0.00,4,,2019-03-25T19:46:09.356Z,,,,7.0,2,12.0,55.0,0.03,swap,gain,6.45,"{""1553543170833"":{""status"":""accepted"",""requester"":3,""requestee"":4,""message"":""asdfasdfasdfads"",""bid"":null,""queue"":[1,3,4,2]},""1553543175969"":{""status"":""accepted"",""requester"":4,""requestee"":3,""message"":""dfdfdfd"",""bid"":null,""queue"":[1,4,3,2]},""1553543186466"":{""status"":""accepted"",""requester"":3,""requestee"":4,""message"":""asdfasfasf"",""bid"":null,""queue"":[1,3,4,2]},""1553543199760"":{""status"":""accepted"",""requester"":2,""requestee"":4,""message"":""fdfdfdf"",""bid"":null,""queue"":[1,3,2,4]},""1553543205310"":{""status"":""cancelled"",""requester"":4,""requestee"":2,""queue"":[1,3,2,4]}}","{""1"": ""null"", ""2"": ""{\""1553543170833\"":{\""status\"":\""accepted\"",\""requester\"":3,\""requestee\"":4,\""message\"":\""asdfasdfasdfads\"",\""bid\"":null,\""queue\"":[1,3,4,2]},\""1553543175969\"":{\""status\"":\""accepted\"",\""requester\"":4,\""requestee\"":3,\""message\"":\""dfdfdfd\"",\""bid\"":null,\""queue\"":[1,4,3,2]},\""1553543186466\"":{\""status\"":\""accepted\"",\""requester\"":3,\""requestee\"":4,\""message\"":\""asdfasfasf\"",\""bid\"":null,\""queue\"":[1,3,4,2]},\""1553543199760\"":{\""status\"":\""accepted\"",\""requester\"":2,\""requestee\"":4,\""message\"":\""fdfdfdf\"",\""bid\"":null,\""queue\"":[1,3,2,4]},\""1553543205310\"":{\""status\"":\""cancelled\"",\""requester\"":4,\""requestee\"":2,\""queue\"":[1,3,2,4]}}"", ""3"": ""{\""1553543170833\"":{\""status\"":\""accepted\"",\""requester\"":3,\""requestee\"":4,\""message\"":\""asdfasdfasdfads\"",\""bid\"":null,\""queue\"":[1,3,4,2]},\""1553543175969\"":{\""status\"":\""accepted\"",\""requester\"":4,\""requestee\"":3,\""message\"":\""dfdfdfd\"",\""bid\"":null,\""queue\"":[1,4,3,2]},\""1553543186466\"":{\""status\"":\""accepted\"",\""requester\"":3,\""requestee\"":4,\""message\"":\""asdfasfasf\"",\""bid\"":null,\""queue\"":[1,3,4,2]},\""1553543199760\"":{\""status\"":\""accepted\"",\""requester\"":2,\""requestee\"":4,\""message\"":\""fdfdfdf\"",\""bid\"":null,\""queue\"":[1,3,2,4]},\""1553543205310\"":{\""status\"":\""cancelled\"",\""requester\"":4,\""requestee\"":2,\""queue\"":[1,3,2,4]}}"", ""4"": ""{\""1553543170833\"":{\""status\"":\""accepted\"",\""requester\"":3,\""requestee\"":4,\""message\"":\""asdfasdfasdfads\"",\""bid\"":null,\""queue\"":[1,3,4,2]},\""1553543175969\"":{\""status\"":\""accepted\"",\""requester\"":4,\""requestee\"":3,\""message\"":\""dfdfdfd\"",\""bid\"":null,\""queue\"":[1,4,3,2]},\""1553543186466\"":{\""status\"":\""accepted\"",\""requester\"":3,\""requestee\"":4,\""message\"":\""asdfasfasf\"",\""bid\"":null,\""queue\"":[1,3,4,2]},\""1553543199760\"":{\""status\"":\""accepted\"",\""requester\"":2,\""requestee\"":4,\""message\"":\""fdfdfdf\"",\""bid\"":null,\""queue\"":[1,3,2,4]},\""1553543205310\"":{\""status\"":\""cancelled\"",\""requester\"":4,\""requestee\"":2,\""queue\"":[1,3,2,4]}}""}",0,1,0.01,6,1,2019-03-25 19:46:08.986657+00:00,1
3,tbigcveu,,0,5,6,Lines_Queueing,1,BetweenPages,127.0.0.1,2019-03-25 19:46:05.064247+00:00,1,,,8,0.00,bwld47ih,,,,,,1,0.0,0.00,1,,2019-03-25T19:47:11.233Z,,,,8.0,1,12.0,0.0,0.02,swap,gain,8.0,null,"{""1"": ""null"", ""2"": ""{\""1553543170833\"":{\""status\"":\""accepted\"",\""requester\"":3,\""requestee\"":4,\""message\"":\""asdfasdfasdfads\"",\""bid\"":null,\""queue\"":[1,3,4,2]},\""1553543175969\"":{\""status\"":\""accepted\"",\""requester\"":4,\""requestee\"":3,\""message\"":\""dfdfdfd\"",\""bid\"":null,\""queue\"":[1,4,3,2]},\""1553543186466\"":{\""status\"":\""accepted\"",\""requester\"":3,\""requestee\"":4,\""message\"":\""asdfasfasf\"",\""bid\"":null,\""queue\"":[1,3,4,2]},\""1553543199760\"":{\""status\"":\""accepted\"",\""requester\"":2,\""requestee\"":4,\""message\"":\""fdfdfdf\"",\""bid\"":null,\""queue\"":[1,3,2,4]},\""1553543205310\"":{\""status\"":\""cancelled\"",\""requester\"":4,\""requestee\"":2,\""queue\"":[1,3,2,4]}}"", ""3"": ""{\""1553543170833\"":{\""status\"":\""accepted\"",\""requester\"":3,\""requestee\"":4,\""message\"":\""asdfasdfasdfads\"",\""bid\"":null,\""queue\"":[1,3,4,2]},\""1553543175969\"":{\""status\"":\""accepted\"",\""requester\"":4,\""requestee\"":3,\""message\"":\""dfdfdfd\"",\""bid\"":null,\""queue\"":[1,4,3,2]},\""1553543186466\"":{\""status\"":\""accepted\"",\""requester\"":3,\""requestee\"":4,\""message\"":\""asdfasfasf\"",\""bid\"":null,\""queue\"":[1,3,4,2]},\""1553543199760\"":{\""status\"":\""accepted\"",\""requester\"":2,\""requestee\"":4,\""message\"":\""fdfdfdf\"",\""bid\"":null,\""queue\"":[1,3,2,4]},\""1553543205310\"":{\""status\"":\""cancelled\"",\""requester\"":4,\""requestee\"":2,\""queue\"":[1,3,2,4]}}"", ""4"": ""{\""1553543170833\"":{\""status\"":\""accepted\"",\""requester\"":3,\""requestee\"":4,\""message\"":\""asdfasdfasdfads\"",\""bid\"":null,\""queue\"":[1,3,4,2]},\""1553543175969\"":{\""status\"":\""accepted\"",\""requester\"":4,\""requestee\"":3,\""message\"":\""dfdfdfd\"",\""bid\"":null,\""queue\"":[1,4,3,2]},\""1553543186466\"":{\""status\"":\""accepted\"",\""requester\"":3,\""requestee\"":4,\""message\"":\""asdfasfasf\"",\""bid\"":null,\""queue\"":[1,3,4,2]},\""1553543199760\"":{\""status\"":\""accepted\"",\""requester\"":2,\""requestee\"":4,\""message\"":\""fdfdfdf\"",\""bid\"":null,\""queue\"":[1,3,2,4]},\""1553543205310\"":{\""status\"":\""cancelled\"",\""requester\"":4,\""requestee\"":2,\""queue\"":[1,3,2,4]}}""}",0,1,0.02,8,1,2019-03-25 19:46:08.986657+00:00,1
4,rwuflfvs,,0,5,6,Lines_Queueing,1,BetweenPages,127.0.0.1,2019-03-25 19:46:05.568501+00:00,1,,,5,0.00,bwld47ih,,,,,,1,0.0,0.00,2,,2019-03-25T19:46:07.769Z,2019-03-25T19:47:00.152Z,,,5.0,4,12.0,49.0,0.05,swap,gain,4.86,"{""1553543170833"":{""status"":""accepted"",""requester"":3,""requestee"":4,""message"":""asdfasdfasdfads"",""bid"":null,""queue"":[1,3,4,2]},""1553543175969"":{""status"":""accepted"",""requester"":4,""requestee"":3,""message"":""dfdfdfd"",""bid"":null,""queue"":[1,4,3,2]},""1553543186466"":{""status"":""accepted"",""requester"":3,""requestee"":4,""message"":""asdfasfasf"",""bid"":null,""queue"":[1,3,4,2]},""1553543199760"":{""status"":""accepted"",""requester"":2,""requestee"":4,""message"":""fdfdfdf"",""bid"":null,""queue"":[1,3,2,4]},""1553543205310"":{""status"":""cancelled"",""requester"":4,""requestee"":2,""queue"":[1,3,2,4]}}","{""1"": ""null"", ""2"": ""{\""1553543170833\"":{\""status\"":\""accepted\"",\""requester\"":3,\""requestee\"":4,\""message\"":\""asdfasdfasdfads\"",\""bid\"":null,\""queue\"":[1,3,4,2]},\""1553543175969\"":{\""status\"":\""accepted\"",\""requester\"":4,\""requestee\"":3,\""message\"":\""dfdfdfd\"",\""bid\"":null,\""queue\"":[1,4,3,2]},\""1553543186466\"":{\""status\"":\""accepted\"",\""requester\"":3,\""requestee\"":4,\""message\"":\""asdfasfasf\"",\""bid\"":null,\""queue\"":[1,3,4,2]},\""1553543199760\"":{\""status\"":\""accepted\"",\""requester\"":2,\""requestee\"":4,\""message\"":\""fdfdfdf\"",\""bid\"":null,\""queue\"":[1,3,2,4]},\""1553543205310\"":{\""status\"":\""cancelled\"",\""requester\"":4,\""requestee\"":2,\""queue\"":[1,3,2,4]}}"", ""3"": ""{\""1553543170833\"":{\""status\"":\""accepted\"",\""requester\"":3,\""requestee\"":4,\""message\"":\""asdfasdfasdfads\"",\""bid\"":null,\""queue\"":[1,3,4,2]},\""1553543175969\"":{\""status\"":\""accepted\"",\""requester\"":4,\""requestee\"":3,\""message\"":\""dfdfdfd\"",\""bid\"":null,\""queue\"":[1,4,3,2]},\""1553543186466\"":{\""status\"":\""accepted\"",\""requester\"":3,\""requestee\"":4,\""message\"":\""asdfasfasf\"",\""bid\"":null,\""queue\"":[1,3,4,2]},\""1553543199760\"":{\""status\"":\""accepted\"",\""requester\"":2,\""requestee\"":4,\""message\"":\""fdfdfdf\"",\""bid\"":null,\""queue\"":[1,3,2,4]},\""1553543205310\"":{\""status\"":\""cancelled\"",\""requester\"":4,\""requestee\"":2,\""queue\"":[1,3,2,4]}}"", ""4"": ""{\""1553543170833\"":{\""status\"":\""accepted\"",\""requester\"":3,\""requestee\"":4,\""message\"":\""asdfasdfasdfads\"",\""bid\"":null,\""queue\"":[1,3,4,2]},\""1553543175969\"":{\""status\"":\""accepted\"",\""requester\"":4,\""requestee\"":3,\""message\"":\""dfdfdfd\"",\""bid\"":null,\""queue\"":[1,4,3,2]},\""1553543186466\"":{\""status\"":\""accepted\"",\""requester\"":3,\""requestee\"":4,\""message\"":\""asdfasfasf\"",\""bid\"":null,\""queue\"":[1,3,4,2]},\""1553543199760\"":{\""status\"":\""accepted\"",\""requester\"":2,\""requestee\"":4,\""message\"":\""fdfdfdf\"",\""bid\"":null,\""queue\"":[1,3,2,4]},\""1553543205310\"":{\""status\"":\""cancelled\"",\""requester\"":4,\""requestee\"":2,\""queue\"":[1,3,2,4]}}""}",0,1,0.01,5,1,2019-03-25 19:46:08.986657+00:00,1
1,2ero7ku3,,0,7,6,Lines_Queueing,1,Results,127.0.0.1,2019-03-25 20:21:10.485691+00:00,1,,,7,0.00,naahwgc6,,,,,,1,0.0,0.00,4,,2019-03-25T20:21:15.356Z,2019-03-25T20:21:40.209Z,2019-03-25T20:22:18.275Z,2019-03-25T20:22:36.839Z,7.0,2,12.0,25.0,0.03,bid,gain,6.68,"{""1553545281954"":{""status"":""accepted"",""requester"":4,""requestee"":1,""message"":""hey accept"",""bid"":""1.00"",""queue"":[4,1,2,3]},""1553545293289"":{""status"":""accepted"",""requester"":2,""requestee"":1,""message"":""dfdfasdf"",""bid"":""1.00"",""queue"":[4,2,1,3]},""1553545311250"":{""status"":""cancelled"",""requester"":3,""requestee"":1,""queue"":[4,2,1,3]}}","{""1"": ""{\""1553545281954\"":{\""status\"":\""accepted\"",\""requester\"":4,\""requestee\"":1,\""message\"":\""hey accept\"",\""bid\"":\""1.00\"",\""queue\"":[4,1,2,3]},\""1553545293289\"":{\""status\"":\""accepted\"",\""requester\"":2,\""requestee\"":1,\""message\"":\""dfdfasdf\"",\""bid\"":\""1.00\"",\""queue\"":[4,2,1,3]},\""1553545311250\"":{\""status\"":\""cancelled\"",\""requester\"":3,\""requestee\"":1,\""queue\"":[4,2,1,3]}}"", ""2"": ""{\""1553545281954\"":{\""status\"":\""accepted\"",\""requester\"":4,\""requestee\"":1,\""message\"":\""hey accept\"",\""bid\"":\""1.00\"",\""queue\"":[4,1,2,3]},\""1553545293289\"":{\""status\"":\""accepted\"",\""requester\"":2,\""requestee\"":1,\""message\"":\""dfdfasdf\"",\""bid\"":\""1.00\"",\""queue\"":[4,2,1,3]},\""1553545311250\"":{\""status\"":\""cancelled\"",\""requester\"":3,\""requestee\"":1,\""queue\"":[4,2,1,3]}}"", ""3"": ""{\""1553545281954\"":{\""status\"":\""accepted\"",\""requester\"":4,\""requestee\"":1,\""message\"":\""hey accept\"",\""bid\"":\""1.00\"",\""queue\"":[4,1,2,3]},\""1553545293289\"":{\""status\"":\""accepted\"",\""requester\"":2,\""requestee\"":1,\""message\"":\""dfdfasdf\"",\""bid\"":\""1.00\"",\""queue\"":[4,2,1,3]},\""1553545311250\"":{\""status\"":\""cancelled\"",\""requester\"":3,\""requestee\"":1,\""queue\"":[4,2,1,3]}}"", ""4"": ""{\""1553545281954\"":{\""status\"":\""accepted\"",\""requester\"":4,\""requestee\"":1,\""message\"":\""hey accept\"",\""bid\"":\""1.00\"",\""queue\"":[4,1,2,3]},\""1553545293289\"":{\""status\"":\""accepted\"",\""requester\"":2,\""requestee\"":1,\""message\"":\""dfdfasdf\"",\""bid\"":\""1.00\"",\""queue\"":[4,2,1,3]},\""1553545311250\"":{\""status\"":\""cancelled\"",\""requester\"":3,\""requestee\"":1,\""queue\"":[4,2,1,3]}}""}",0,1,0.01,7,1,2019-03-25 20:21:15.779704+00:00,1
2,rrvjq2pz,,0,7,6,Lines_Queueing,1,Results,127.0.0.1,2019-03-25 20:21:10.857973+00:00,1,,,7,0.00,naahwgc6,,,,,,1,0.0,0.00,1,,2019-03-25T20:21:15.332Z,2019-03-25T20:22:04.212Z,2019-03-25T20:22:18.284Z,2019-03-25T20:22:32.535Z,6.0,1,12.0,50.0,0.04,bid,gain,6.9,"{""1553545281954"":{""status"":""accepted"",""requester"":4,""requestee"":1,""message"":""hey accept"",""bid"":""1.00"",""queue"":[4,1,2,3]},""1553545293289"":{""status"":""accepted"",""requester"":2,""requestee"":1,""message"":""dfdfasdf"",""bid"":""1.00"",""queue"":[4,2,1,3]},""1553545311250"":{""status"":""cancelled"",""requester"":3,""requestee"":1,""queue"":[4,2,1,3]}}","{""1"": ""{\""1553545281954\"":{\""status\"":\""accepted\"",\""requester\"":4,\""requestee\"":1,\""message\"":\""hey accept\"",\""bid\"":\""1.00\"",\""queue\"":[4,1,2,3]},\""1553545293289\"":{\""status\"":\""accepted\"",\""requester\"":2,\""requestee\"":1,\""message\"":\""dfdfasdf\"",\""bid\"":\""1.00\"",\""queue\"":[4,2,1,3]},\""1553545311250\"":{\""status\"":\""cancelled\"",\""requester\"":3,\""requestee\"":1,\""queue\"":[4,2,1,3]}}"", ""2"": ""{\""1553545281954\"":{\""status\"":\""accepted\"",\""requester\"":4,\""requestee\"":1,\""message\"":\""hey accept\"",\""bid\"":\""1.00\"",\""queue\"":[4,1,2,3]},\""1553545293289\"":{\""status\"":\""accepted\"",\""requester\"":2,\""requestee\"":1,\""message\"":\""dfdfasdf\"",\""bid\"":\""1.00\"",\""queue\"":[4,2,1,3]},\""1553545311250\"":{\""status\"":\""cancelled\"",\""requester\"":3,\""requestee\"":1,\""queue\"":[4,2,1,3]}}"", ""3"": ""{\""1553545281954\"":{\""status\"":\""accepted\"",\""requester\"":4,\""requestee\"":1,\""message\"":\""hey accept\"",\""bid\"":\""1.00\"",\""queue\"":[4,1,2,3]},\""1553545293289\"":{\""status\"":\""accepted\"",\""requester\"":2,\""requestee\"":1,\""message\"":\""dfdfasdf\"",\""bid\"":\""1.00\"",\""queue\"":[4,2,1,3]},\""1553545311250\"":{\""status\"":\""cancelled\"",\""requester\"":3,\""requestee\"":1,\""queue\"":[4,2,1,3]}}"", ""4"": ""{\""1553545281954\"":{\""status\"":\""accepted\"",\""requester\"":4,\""requestee\"":1,\""message\"":\""hey accept\"",\""bid\"":\""1.00\"",\""queue\"":[4,1,2,3]},\""1553545293289\"":{\""status\"":\""accepted\"",\""requester\"":2,\""requestee\"":1,\""message\"":\""dfdfasdf\"",\""bid\"":\""1.00\"",\""queue\"":[4,2,1,3]},\""1553545311250\"":{\""status\"":\""cancelled\"",\""requester\"":3,\""requestee\"":1,\""queue\"":[4,2,1,3]}}""}",0,1,0.03,7,1,2019-03-25 20:21:15.779704+00:00,1
3,2hqle57s,,0,7,6,Lines_Queueing,1,Results,127.0.0.1,2019-03-25 20:21:11.229710+00:00,1,,,5,0.00,naahwgc6,,,,,,1,0.0,0.00,2,,2019-03-25T20:21:16.426Z,2019-03-25T20:21:52.213Z,2019-03-25T20:22:17.727Z,2019-03-25T20:22:24.305Z,5.0,3,12.0,37.0,0.05,bid,gain,4.78,"{""1553545281954"":{""status"":""accepted"",""requester"":4,""requestee"":1,""message"":""hey accept"",""bid"":""1.00"",""queue"":[4,1,2,3]},""1553545293289"":{""status"":""accepted"",""requester"":2,""requestee"":1,""message"":""dfdfasdf"",""bid"":""1.00"",""queue"":[4,2,1,3]},""1553545311250"":{""status"":""cancelled"",""requester"":3,""requestee"":1,""queue"":[4,2,1,3]}}","{""1"": ""{\""1553545281954\"":{\""status\"":\""accepted\"",\""requester\"":4,\""requestee\"":1,\""message\"":\""hey accept\"",\""bid\"":\""1.00\"",\""queue\"":[4,1,2,3]},\""1553545293289\"":{\""status\"":\""accepted\"",\""requester\"":2,\""requestee\"":1,\""message\"":\""dfdfasdf\"",\""bid\"":\""1.00\"",\""queue\"":[4,2,1,3]},\""1553545311250\"":{\""status\"":\""cancelled\"",\""requester\"":3,\""requestee\"":1,\""queue\"":[4,2,1,3]}}"", ""2"": ""{\""1553545281954\"":{\""status\"":\""accepted\"",\""requester\"":4,\""requestee\"":1,\""message\"":\""hey accept\"",\""bid\"":\""1.00\"",\""queue\"":[4,1,2,3]},\""1553545293289\"":{\""status\"":\""accepted\"",\""requester\"":2,\""requestee\"":1,\""message\"":\""dfdfasdf\"",\""bid\"":\""1.00\"",\""queue\"":[4,2,1,3]},\""1553545311250\"":{\""status\"":\""cancelled\"",\""requester\"":3,\""requestee\"":1,\""queue\"":[4,2,1,3]}}"", ""3"": ""{\""1553545281954\"":{\""status\"":\""accepted\"",\""requester\"":4,\""requestee\"":1,\""message\"":\""hey accept\"",\""bid\"":\""1.00\"",\""queue\"":[4,1,2,3]},\""1553545293289\"":{\""status\"":\""accepted\"",\""requester\"":2,\""requestee\"":1,\""message\"":\""dfdfasdf\"",\""bid\"":\""1.00\"",\""queue\"":[4,2,1,3]},\""1553545311250\"":{\""status\"":\""cancelled\"",\""requester\"":3,\""requestee\"":1,\""queue\"":[4,2,1,3]}}"", ""4"": ""{\""1553545281954\"":{\""status\"":\""accepted\"",\""requester\"":4,\""requestee\"":1,\""message\"":\""hey accept\"",\""bid\"":\""1.00\"",\""queue\"":[4,1,2,3]},\""1553545293289\"":{\""status\"":\""accepted\"",\""requester\"":2,\""requestee\"":1,\""message\"":\""dfdfasdf\"",\""bid\"":\""1.00\"",\""queue\"":[4,2,1,3]},\""1553545311250\"":{\""status\"":\""cancelled\"",\""requester\"":3,\""requestee\"":1,\""queue\"":[4,2,1,3]}}""}",0,1,0.01,5,1,2019-03-25 20:21:15.779704+00:00,1
4,fch29eg1,,0,7,6,Lines_Queueing,1,Results,127.0.0.1,2019-03-25 20:21:11.661093+00:00,1,,,7,0.00,naahwgc6,,,,,,1,0.0,0.00,3,,2019-03-25T20:21:15.431Z,,2019-03-25T20:22:17.575Z,2019-03-25T20:22:28.457Z,8.0,4,12.0,58.0,0.02,bid,gain,6.84,"{""1553545281954"":{""status"":""accepted"",""requester"":4,""requestee"":1,""message"":""hey accept"",""bid"":""1.00"",""queue"":[4,1,2,3]},""1553545293289"":{""status"":""accepted"",""requester"":2,""requestee"":1,""message"":""dfdfasdf"",""bid"":""1.00"",""queue"":[4,2,1,3]},""1553545311250"":{""status"":""cancelled"",""requester"":3,""requestee"":1,""queue"":[4,2,1,3]}}","{""1"": ""{\""1553545281954\"":{\""status\"":\""accepted\"",\""requester\"":4,\""requestee\"":1,\""message\"":\""hey accept\"",\""bid\"":\""1.00\"",\""queue\"":[4,1,2,3]},\""1553545293289\"":{\""status\"":\""accepted\"",\""requester\"":2,\""requestee\"":1,\""message\"":\""dfdfasdf\"",\""bid\"":\""1.00\"",\""queue\"":[4,2,1,3]},\""1553545311250\"":{\""status\"":\""cancelled\"",\""requester\"":3,\""requestee\"":1,\""queue\"":[4,2,1,3]}}"", ""2"": ""{\""1553545281954\"":{\""status\"":\""accepted\"",\""requester\"":4,\""requestee\"":1,\""message\"":\""hey accept\"",\""bid\"":\""1.00\"",\""queue\"":[4,1,2,3]},\""1553545293289\"":{\""status\"":\""accepted\"",\""requester\"":2,\""requestee\"":1,\""message\"":\""dfdfasdf\"",\""bid\"":\""1.00\"",\""queue\"":[4,2,1,3]},\""1553545311250\"":{\""status\"":\""cancelled\"",\""requester\"":3,\""requestee\"":1,\""queue\"":[4,2,1,3]}}"", ""3"": ""{\""1553545281954\"":{\""status\"":\""accepted\"",\""requester\"":4,\""requestee\"":1,\""message\"":\""hey accept\"",\""bid\"":\""1.00\"",\""queue\"":[4,1,2,3]},\""1553545293289\"":{\""status\"":\""accepted\"",\""requester\"":2,\""requestee\"":1,\""message\"":\""dfdfasdf\"",\""bid\"":\""1.00\"",\""queue\"":[4,2,1,3]},\""1553545311250\"":{\""status\"":\""cancelled\"",\""requester\"":3,\""requestee\"":1,\""queue\"":[4,2,1,3]}}"", ""4"": ""{\""1553545281954\"":{\""status\"":\""accepted\"",\""requester\"":4,\""requestee\"":1,\""message\"":\""hey accept\"",\""bid\"":\""1.00\"",\""queue\"":[4,1,2,3]},\""1553545293289\"":{\""status\"":\""accepted\"",\""requester\"":2,\""requestee\"":1,\""message\"":\""dfdfasdf\"",\""bid\"":\""1.00\"",\""queue\"":[4,2,1,3]},\""1553545311250\"":{\""status\"":\""cancelled\"",\""requester\"":3,\""requestee\"":1,\""queue\"":[4,2,1,3]}}""}",0,1,0.02,7,1,2019-03-25 20:21:15.779704+00:00,1
